NOMCODE;QTY;PART NUMBER;FABRICANT;PART DESC;REFERENCE;VALUE;TENSION;TOLE;NOTE
185-0600;1;;TDK;Condensateur 0402 X7R;C1;10nF;50V;20%;
181-0544;1;293D475X9025A2WE3;Vishay;Condensateur tantale cms taille A;C2;4.7µF;25V;10%;
185-0700;1;;TDK;Condensateur 0402 X5R;C3;100nF;16V;20%;
185-0700;1;;TDK;Condensateur 0402 X5R;C4;100nF;16V;20%;
181-0544;1;293D475X9025A2WE3;Vishay;Condensateur tantale cms taille A;C5;4.7µF;25V;10%;
185-0600;1;;TDK;Condensateur 0402 X7R;C6;10nF;50V;20%;
182-5750;1;;AVX;Condensateur cms 0603 X7R;C7;10nF;50V;5%;
185-0600;1;;TDK;Condensateur 0402 X7R;C8;10nF;50V;20%;
SANS;1;;Vishay;Condensateur cms 0603 NPO ou COG;C9;NC;;;
181-0545;1;293D106X96R3A2WE3;Vishay;Condensateur tantale cms taille A;C10;10µF;6.3V;10%;
181-0544;1;293D475X9025A2WE3;Vishay;Condensateur tantale cms taille A;C11;4.7µF;25V;10%;
181-0544;1;293D475X9025A2WE3;Vishay;Condensateur tantale cms taille A;C12;4.7µF;25V;10%;
181-0544;1;293D475X9025A2WE3;Vishay;Condensateur tantale cms taille A;C13;4.7µF;25V;10%;
185-0300;1;;TDK;Condensateur 0402 NPO;C14;470pF;16V;5%;
185-0700;1;;TDK;Condensateur 0402 X5R;C15;100nF;16V;20%;
185-0700;1;;TDK;Condensateur 0402 X5R;C16;100nF;16V;20%;
185-0700;1;;TDK;Condensateur 0402 X5R;C17;100nF;16V;20%;
185-0700;1;;TDK;Condensateur 0402 X5R;C18;100nF;16V;20%;
181-0545;1;293D106X96R3A2WE3;Vishay;Condensateur tantale cms taille A;C19;10µF;6.3V;10%;
185-0700;1;;TDK;Condensateur 0402 X5R;C20;100nF;16V;20%;
185-0700;1;;TDK;Condensateur 0402 X5R;C21;100nF;16V;20%;
185-0150;1;;Vishay;Condensateur cms 0402 NPO ou COG;C22;100pF;;;
185-0700;1;;TDK;Condensateur 0402 X5R;C23;100nF;16V;20%;
185-0700;1;;TDK;Condensateur 0402 X5R;C24;100nF;16V;20%;
185-0700;1;;TDK;Condensateur 0402 X5R;C25;100nF;16V;20%;
185-0700;1;;TDK;Condensateur 0402 X5R;C26;100nF;16V;20%;
185-0700;1;;TDK;Condensateur 0402 X5R;C27;100nF;16V;20%;
181-0567;1;T491D476K025AT;Kemet;Condensateur tantale cms, boîtier D;C28;47µF;25V;;
185-0600;1;;TDK;Condensateur 0402 X7R;C29;10nF;50V;20%;
181-0545;1;293D106X96R3A2WE3;Vishay;Condensateur tantale cms taille A;C30;10µF;6.3V;10%;
185-0600;1;;TDK;Condensateur 0402 X7R;C31;10nF;50V;20%;
185-0700;1;;TDK;Condensateur 0402 X5R;C32;100nF;16V;20%;
185-0150;1;;Vishay;Condensateur cms 0402 NPO ou COG;C33;100pF;;;
185-0700;1;;TDK;Condensateur 0402 X5R;C34;100nF;16V;20%;
185-0700;1;;TDK;Condensateur 0402 X5R;C35;100nF;16V;20%;
185-0700;1;;TDK;Condensateur 0402 X5R;C36;100nF;16V;20%;
185-0700;1;;TDK;Condensateur 0402 X5R;C37;100nF;16V;20%;
181-0544;1;293D475X9025A2WE3;Vishay;Condensateur tantale cms taille A;C38;4.7µF;25V;10%;
185-0700;1;;TDK;Condensateur 0402 X5R;C39;100nF;16V;20%;
185-0700;1;;TDK;Condensateur 0402 X5R;C40;100nF;16V;20%;
185-0600;1;;TDK;Condensateur 0402 X7R;C41;10nF;50V;20%;
185-0700;1;;TDK;Condensateur 0402 X5R;C42;100nF;16V;20%;
185-0700;1;;TDK;Condensateur 0402 X5R;C43;100nF;16V;20%;
185-0700;1;;TDK;Condensateur 0402 X5R;C44;100nF;16V;20%;
185-0700;1;;TDK;Condensateur 0402 X5R;C45;100nF;16V;20%;
185-0150;1;;Vishay;Condensateur cms 0402 NPO ou COG;C46;100pF;;;
185-0700;1;;TDK;Condensateur 0402 X5R;C47;100nF;16V;20%;
185-0700;1;;TDK;Condensateur 0402 X5R;C48;100nF;16V;20%;
181-0544;1;293D475X9025A2WE3;Vishay;Condensateur tantale cms taille A;C49;4.7µF;25V;10%;
185-0700;1;;TDK;Condensateur 0402 X5R;C50;100nF;16V;20%;
185-0700;1;;TDK;Condensateur 0402 X5R;C51;100nF;16V;20%;
185-0700;1;;TDK;Condensateur 0402 X5R;C52;100nF;16V;20%;
185-0700;1;;TDK;Condensateur 0402 X5R;C53;100nF;16V;20%;
185-0700;1;;TDK;Condensateur 0402 X5R;C54;100nF;16V;20%;
185-0150;1;;Vishay;Condensateur cms 0402 NPO ou COG;C55;100pF;;;
185-0700;1;;TDK;Condensateur 0402 X5R;C56;100nF;16V;20%;
185-0700;1;;TDK;Condensateur 0402 X5R;C57;100nF;16V;20%;
181-0545;1;293D106X96R3A2WE3;Vishay;Condensateur tantale cms taille A;C58;10µF;6.3V;10%;
185-0700;1;;TDK;Condensateur 0402 X5R;C59;100nF;16V;20%;
185-0150;1;;Vishay;Condensateur cms 0402 NPO ou COG;C60;100pF;;;
185-0700;1;;TDK;Condensateur 0402 X5R;C61;100nF;16V;20%;
185-0130;1;;Vishay;Condensateur cms 0402 NPO ou COG;C62;68pF;;;
185-0030;1;;Vishay;Condensateur cms 0402 NPO ou COG;C63;6.8pF;;;
185-0700;1;;TDK;Condensateur 0402 X5R;C64;100nF;16V;20%;
181-0545;1;293D106X96R3A2WE3;Vishay;Condensateur tantale cms taille A;C65;10µF;6.3V;10%;
181-0545;1;293D106X96R3A2WE3;Vishay;Condensateur tantale cms taille A;C66;10µF;6.3V;10%;
185-0700;1;;TDK;Condensateur 0402 X5R;C67;100nF;16V;20%;
185-0700;1;;TDK;Condensateur 0402 X5R;C68;100nF;16V;20%;
185-0700;1;;TDK;Condensateur 0402 X5R;C69;100nF;16V;20%;
185-0700;1;;TDK;Condensateur 0402 X5R;C70;100nF;16V;20%;
185-0700;1;;TDK;Condensateur 0402 X5R;C71;100nF;16V;20%;
185-0700;1;;TDK;Condensateur 0402 X5R;C72;100nF;16V;20%;
185-0110;1;;TDK;Condensateur 0402 NPO;C73;33pF;50V;5%;
185-0110;1;;TDK;Condensateur 0402 NPO;C74;33pF;50V;5%;
185-0100;1;;TDK;Condensateur 0402 NPO;C75;22pF;50V;5%;
181-0545;1;293D106X96R3A2WE3;Vishay;Condensateur tantale cms taille A;C76;10µF;6.3V;10%;
185-0700;1;;TDK;Condensateur 0402 X5R;C77;100nF;16V;20%;
185-0700;1;;TDK;Condensateur 0402 X5R;C78;100nF;16V;20%;
182-5635;1;;Vishay;Condensateur cms 0603 NPO ou COG;C79;62pF;;;
185-0700;1;;TDK;Condensateur 0402 X5R;C80;100nF;16V;20%;
185-0700;1;;TDK;Condensateur 0402 X5R;C81;100nF;16V;20%;
181-0544;1;293D475X9025A2WE3;Vishay;Condensateur tantale cms taille A;C82;4.7µF;25V;10%;
185-0700;1;;TDK;Condensateur 0402 X5R;C83;100nF;16V;20%;
185-0700;1;;TDK;Condensateur 0402 X5R;C84;100nF;16V;20%;
181-0500;1;293D105X9016A2WE3;Vishay;Condensateur tantale cms taille A;C85;1µF;16V;;
185-0600;1;;TDK;Condensateur 0402 X7R;C86;10nF;50V;20%;
182-5750;1;;AVX;Condensateur cms 0603 X7R;C87;10nF;50V;5%;
185-0700;1;;TDK;Condensateur 0402 X5R;C88;100nF;16V;20%;
185-0700;1;;TDK;Condensateur 0402 X5R;C89;100nF;16V;20%;
185-0600;1;;TDK;Condensateur 0402 X7R;C90;10nF;50V;20%;
185-0700;1;;TDK;Condensateur 0402 X5R;C91;100nF;16V;20%;
185-0600;1;;TDK;Condensateur 0402 X7R;C92;10nF;50V;20%;
185-0700;1;;TDK;Condensateur 0402 X5R;C93;100nF;16V;20%;
185-0700;1;;TDK;Condensateur 0402 X5R;C94;100nF;16V;20%;
185-0600;1;;TDK;Condensateur 0402 X7R;C95;10nF;50V;20%;
SANS;1;;Vishay;Condensateur cms 0603 NPO ou COG;C96;NC;;;
181-0544;1;293D475X9025A2WE3;Vishay;Condensateur tantale cms taille A;C97;4.7µF;25V;10%;
181-0544;1;293D475X9025A2WE3;Vishay;Condensateur tantale cms taille A;C98;4.7µF;25V;10%;
185-0600;1;;TDK;Condensateur 0402 X7R;C99;10nF;50V;20%;
181-0544;1;293D475X9025A2WE3;Vishay;Condensateur tantale cms taille A;C100;4.7µF;25V;10%;
185-0700;1;;TDK;Condensateur 0402 X5R;C101;100nF;16V;20%;
185-0300;1;;TDK;Condensateur 0402 NPO;C102;470pF;16V;5%;
185-0700;1;;TDK;Condensateur 0402 X5R;C103;100nF;16V;20%;
181-0545;1;293D106X96R3A2WE3;Vishay;Condensateur tantale cms taille A;C104;10µF;6.3V;10%;
181-0545;1;293D106X96R3A2WE3;Vishay;Condensateur tantale cms taille A;C105;10µF;6.3V;10%;
181-0545;1;293D106X96R3A2WE3;Vishay;Condensateur tantale cms taille A;C106;10µF;6.3V;10%;
185-0130;1;;Vishay;Condensateur cms 0402 NPO ou COG;C107;68pF;;;
185-0030;1;;Vishay;Condensateur cms 0402 NPO ou COG;C108;6.8pF;;;
185-0700;1;;TDK;Condensateur 0402 X5R;C109;100nF;16V;20%;
185-0600;1;;TDK;Condensateur 0402 X7R;C110;10nF;50V;20%;
185-0110;1;;TDK;Condensateur 0402 NPO;C111;33pF;50V;5%;
185-0110;1;;TDK;Condensateur 0402 NPO;C112;33pF;50V;5%;
185-0100;1;;TDK;Condensateur 0402 NPO;C113;22pF;50V;5%;
185-0700;1;;TDK;Condensateur 0402 X5R;C114;100nF;16V;20%;
181-0545;1;293D106X96R3A2WE3;Vishay;Condensateur tantale cms taille A;C115;10µF;6.3V;10%;
185-0700;1;;TDK;Condensateur 0402 X5R;C116;100nF;16V;20%;
185-0700;1;;TDK;Condensateur 0402 X5R;C117;100nF;16V;20%;
185-0150;1;;Vishay;Condensateur cms 0402 NPO ou COG;C118;100pF;;;
182-5830;1;;Vishay;Condensateur cms 0603 X7R;C119;220nF;25V;20%;
185-0700;1;;TDK;Condensateur 0402 X5R;C120;100nF;16V;20%;
182-5635;1;;Vishay;Condensateur cms 0603 NPO ou COG;C121;62pF;;;
185-0700;1;;TDK;Condensateur 0402 X5R;C122;100nF;16V;20%;
185-0700;1;;TDK;Condensateur 0402 X5R;C123;100nF;16V;20%;
185-0700;1;;TDK;Condensateur 0402 X5R;C124;100nF;16V;20%;
181-0543;1;TAJR475K006R;AVX;Condensateur tantale cms taille R;C125;4.7µF;6.3V;10%;RS : 547-9704    Farnell : 113-5070
181-0500;1;293D105X9016A2WE3;Vishay;Condensateur tantale cms taille A;C126;1µF;16V;;
185-0700;1;;TDK;Condensateur 0402 X5R;C127;100nF;16V;20%;
185-0600;1;;TDK;Condensateur 0402 X7R;C128;10nF;50V;20%;
185-0600;1;;TDK;Condensateur 0402 X7R;C129;10nF;50V;20%;
185-0700;1;;TDK;Condensateur 0402 X5R;C130;100nF;16V;20%;
185-0600;1;;TDK;Condensateur 0402 X7R;C131;10nF;50V;20%;
185-0700;1;;TDK;Condensateur 0402 X5R;C132;100nF;16V;20%;
185-0150;1;;Vishay;Condensateur cms 0402 NPO ou COG;C133;100pF;;;
185-0700;1;;TDK;Condensateur 0402 X5R;C134;100nF;16V;20%;
185-0700;1;;TDK;Condensateur 0402 X5R;C135;100nF;16V;20%;
185-0700;1;;TDK;Condensateur 0402 X5R;C136;100nF;16V;20%;
185-0700;1;;TDK;Condensateur 0402 X5R;C137;100nF;16V;20%;
185-0700;1;;TDK;Condensateur 0402 X5R;C138;100nF;16V;20%;
185-0700;1;;TDK;Condensateur 0402 X5R;C139;100nF;16V;20%;
185-0700;1;;TDK;Condensateur 0402 X5R;C140;100nF;16V;20%;
185-0700;1;;TDK;Condensateur 0402 X5R;C141;100nF;16V;20%;
185-0600;1;;TDK;Condensateur 0402 X7R;C142;10nF;50V;20%;
185-0130;1;;Vishay;Condensateur cms 0402 NPO ou COG;C143;68pF;;;
185-0030;1;;Vishay;Condensateur cms 0402 NPO ou COG;C144;6.8pF;;;
185-0700;1;;TDK;Condensateur 0402 X5R;C145;100nF;16V;20%;
185-0150;1;;Vishay;Condensateur cms 0402 NPO ou COG;C146;100pF;;;
185-0700;1;;TDK;Condensateur 0402 X5R;C147;100nF;16V;20%;
185-0700;1;;TDK;Condensateur 0402 X5R;C148;100nF;16V;20%;
181-0544;1;293D475X9025A2WE3;Vishay;Condensateur tantale cms taille A;C149;4.7µF;25V;10%;
185-0110;1;;TDK;Condensateur 0402 NPO;C150;33pF;50V;5%;
185-0110;1;;TDK;Condensateur 0402 NPO;C151;33pF;50V;5%;
185-0100;1;;TDK;Condensateur 0402 NPO;C152;22pF;50V;5%;
185-0700;1;;TDK;Condensateur 0402 X5R;C153;100nF;16V;20%;
185-0700;1;;TDK;Condensateur 0402 X5R;C154;100nF;16V;20%;
182-5635;1;;Vishay;Condensateur cms 0603 NPO ou COG;C155;62pF;;;
181-0500;1;293D105X9016A2WE3;Vishay;Condensateur tantale cms taille A;C156;1µF;16V;;
185-0700;1;;TDK;Condensateur 0402 X5R;C157;100nF;16V;20%;
185-0700;1;;TDK;Condensateur 0402 X5R;C158;100nF;16V;20%;
185-0150;1;;Vishay;Condensateur cms 0402 NPO ou COG;C159;100pF;;;
185-0700;1;;TDK;Condensateur 0402 X5R;C160;100nF;16V;20%;
185-0700;1;;TDK;Condensateur 0402 X5R;C161;100nF;16V;20%;
185-0700;1;;TDK;Condensateur 0402 X5R;C162;100nF;16V;20%;
185-0600;1;;TDK;Condensateur 0402 X7R;C163;10nF;50V;20%;
185-0700;1;;TDK;Condensateur 0402 X5R;C164;100nF;16V;20%;
185-0600;1;;TDK;Condensateur 0402 X7R;C165;10nF;50V;20%;
185-0700;1;;TDK;Condensateur 0402 X5R;C166;100nF;16V;20%;
185-0150;1;;Vishay;Condensateur cms 0402 NPO ou COG;C167;100pF;;;
185-0700;1;;TDK;Condensateur 0402 X5R;C168;100nF;16V;20%;
185-0700;1;;TDK;Condensateur 0402 X5R;C169;100nF;16V;20%;
185-0700;1;;TDK;Condensateur 0402 X5R;C170;100nF;16V;20%;
185-0600;1;;TDK;Condensateur 0402 X7R;C171;10nF;50V;20%;
185-0700;1;;TDK;Condensateur 0402 X5R;C172;100nF;16V;20%;
185-0600;1;;TDK;Condensateur 0402 X7R;C173;10nF;50V;20%;
185-0700;1;;TDK;Condensateur 0402 X5R;C174;100nF;16V;20%;
185-0600;1;;TDK;Condensateur 0402 X7R;C175;10nF;50V;20%;
185-0700;1;;TDK;Condensateur 0402 X5R;C176;100nF;16V;20%;
185-0700;1;;TDK;Condensateur 0402 X5R;C177;100nF;16V;20%;
185-0700;1;;TDK;Condensateur 0402 X5R;C178;100nF;16V;20%;
181-0544;1;293D475X9025A2WE3;Vishay;Condensateur tantale cms taille A;C179;4.7µF;25V;10%;
185-0700;1;;TDK;Condensateur 0402 X5R;C180;100nF;16V;20%;
185-0700;1;;TDK;Condensateur 0402 X5R;C181;100nF;16V;20%;
181-0544;1;293D475X9025A2WE3;Vishay;Condensateur tantale cms taille A;C182;4.7µF;25V;10%;
181-0545;1;293D106X96R3A2WE3;Vishay;Condensateur tantale cms taille A;C183;10µF;6.3V;10%;
185-0700;1;;TDK;Condensateur 0402 X5R;C184;100nF;16V;20%;
185-0600;1;;TDK;Condensateur 0402 X7R;C185;10nF;50V;20%;
185-0700;1;;TDK;Condensateur 0402 X5R;C186;100nF;16V;20%;
185-0700;1;;TDK;Condensateur 0402 X5R;C187;100nF;16V;20%;
185-0600;1;;TDK;Condensateur 0402 X7R;C188;10nF;50V;20%;
182-5750;1;;AVX;Condensateur cms 0603 X7R;C189;10nF;50V;5%;
185-0700;1;;TDK;Condensateur 0402 X5R;C190;100nF;16V;20%;
181-0544;1;293D475X9025A2WE3;Vishay;Condensateur tantale cms taille A;C191;4.7µF;25V;10%;
185-0600;1;;TDK;Condensateur 0402 X7R;C192;10nF;50V;20%;
181-0544;1;293D475X9025A2WE3;Vishay;Condensateur tantale cms taille A;C193;4.7µF;25V;10%;
SANS;1;;Vishay;Condensateur cms 0603 NPO ou COG;C194;NC;;;
185-0700;1;;TDK;Condensateur 0402 X5R;C195;100nF;16V;20%;
181-0544;1;293D475X9025A2WE3;Vishay;Condensateur tantale cms taille A;C196;4.7µF;25V;10%;
185-0300;1;;TDK;Condensateur 0402 NPO;C197;470pF;16V;5%;
185-0700;1;;TDK;Condensateur 0402 X5R;C198;100nF;16V;20%;
185-0700;1;;TDK;Condensateur 0402 X5R;C199;100nF;16V;20%;
185-0700;1;;TDK;Condensateur 0402 X5R;C200;100nF;16V;20%;
185-0700;1;;TDK;Condensateur 0402 X5R;C201;100nF;16V;20%;
185-0600;1;;TDK;Condensateur 0402 X7R;C202;10nF;50V;20%;
185-0700;1;;TDK;Condensateur 0402 X5R;C203;100nF;16V;20%;
185-0700;1;;TDK;Condensateur 0402 X5R;C204;100nF;16V;20%;
185-0700;1;;TDK;Condensateur 0402 X5R;C205;100nF;16V;20%;
185-0150;1;;Vishay;Condensateur cms 0402 NPO ou COG;C206;100pF;;;
185-0700;1;;TDK;Condensateur 0402 X5R;C207;100nF;16V;20%;
185-0700;1;;TDK;Condensateur 0402 X5R;C208;100nF;16V;20%;
185-0700;1;;TDK;Condensateur 0402 X5R;C209;100nF;16V;20%;
185-0700;1;;TDK;Condensateur 0402 X5R;C210;100nF;16V;20%;
185-0700;1;;TDK;Condensateur 0402 X5R;C211;100nF;16V;20%;
185-0700;1;;TDK;Condensateur 0402 X5R;C212;100nF;16V;20%;
185-0700;1;;TDK;Condensateur 0402 X5R;C213;100nF;16V;20%;
185-0700;1;;TDK;Condensateur 0402 X5R;C214;100nF;16V;20%;
185-0600;1;;TDK;Condensateur 0402 X7R;C215;10nF;50V;20%;
181-0545;1;293D106X96R3A2WE3;Vishay;Condensateur tantale cms taille A;C216;10µF;6.3V;10%;
185-0700;1;;TDK;Condensateur 0402 X5R;C217;100nF;16V;20%;
185-0150;1;;Vishay;Condensateur cms 0402 NPO ou COG;C218;100pF;;;
185-0700;1;;TDK;Condensateur 0402 X5R;C219;100nF;16V;20%;
185-0700;1;;TDK;Condensateur 0402 X5R;C220;100nF;16V;20%;
185-0600;1;;TDK;Condensateur 0402 X7R;C221;10nF;50V;20%;
185-0700;1;;TDK;Condensateur 0402 X5R;C222;100nF;16V;20%;
185-0600;1;;TDK;Condensateur 0402 X7R;C223;10nF;50V;20%;
185-0700;1;;TDK;Condensateur 0402 X5R;C224;100nF;16V;20%;
185-0700;1;;TDK;Condensateur 0402 X5R;C225;100nF;16V;20%;
185-0700;1;;TDK;Condensateur 0402 X5R;C226;100nF;16V;20%;
185-0600;1;;TDK;Condensateur 0402 X7R;C227;10nF;50V;20%;
181-0545;1;293D106X96R3A2WE3;Vishay;Condensateur tantale cms taille A;C228;10µF;6.3V;10%;
181-0545;1;293D106X96R3A2WE3;Vishay;Condensateur tantale cms taille A;C229;10µF;6.3V;10%;
181-0545;1;293D106X96R3A2WE3;Vishay;Condensateur tantale cms taille A;C230;10µF;6.3V;10%;
185-0700;1;;TDK;Condensateur 0402 X5R;C231;100nF;16V;20%;
185-0150;1;;Vishay;Condensateur cms 0402 NPO ou COG;C232;100pF;;;
185-0700;1;;TDK;Condensateur 0402 X5R;C233;100nF;16V;20%;
185-0700;1;;TDK;Condensateur 0402 X5R;C234;100nF;16V;20%;
181-0544;1;293D475X9025A2WE3;Vishay;Condensateur tantale cms taille A;C235;4.7µF;25V;10%;
185-0700;1;;TDK;Condensateur 0402 X5R;C236;100nF;16V;20%;
185-0700;1;;TDK;Condensateur 0402 X5R;C237;100nF;16V;20%;
185-0150;1;;Vishay;Condensateur cms 0402 NPO ou COG;C238;100pF;;;
185-0700;1;;TDK;Condensateur 0402 X5R;C239;100nF;16V;20%;
185-0700;1;;TDK;Condensateur 0402 X5R;C240;100nF;16V;20%;
185-0700;1;;TDK;Condensateur 0402 X5R;C241;100nF;16V;20%;
185-0700;1;;TDK;Condensateur 0402 X5R;C242;100nF;16V;20%;
185-0700;1;;TDK;Condensateur 0402 X5R;C243;100nF;16V;20%;
185-0700;1;;TDK;Condensateur 0402 X5R;C244;100nF;16V;20%;
185-0700;1;;TDK;Condensateur 0402 X5R;C245;100nF;16V;20%;
185-0150;1;;Vishay;Condensateur cms 0402 NPO ou COG;C246;100pF;;;
185-0700;1;;TDK;Condensateur 0402 X5R;C247;100nF;16V;20%;
185-0700;1;;TDK;Condensateur 0402 X5R;C248;100nF;16V;20%;
185-0700;1;;TDK;Condensateur 0402 X5R;C249;100nF;16V;20%;
185-0700;1;;TDK;Condensateur 0402 X5R;C250;100nF;16V;20%;
185-0700;1;;TDK;Condensateur 0402 X5R;C251;100nF;16V;20%;
185-0600;1;;TDK;Condensateur 0402 X7R;C252;10nF;50V;20%;
185-0700;1;;TDK;Condensateur 0402 X5R;C253;100nF;16V;20%;
181-0544;1;293D475X9025A2WE3;Vishay;Condensateur tantale cms taille A;C254;4.7µF;25V;10%;
181-0545;1;293D106X96R3A2WE3;Vishay;Condensateur tantale cms taille A;C255;10µF;6.3V;10%;
181-0545;1;293D106X96R3A2WE3;Vishay;Condensateur tantale cms taille A;C256;10µF;6.3V;10%;
185-0700;1;;TDK;Condensateur 0402 X5R;C257;100nF;16V;20%;
181-0544;1;293D475X9025A2WE3;Vishay;Condensateur tantale cms taille A;C258;4.7µF;25V;10%;
182-5830;1;;Vishay;Condensateur cms 0603 X7R;C259;220nF;25V;20%;
182-5730;1;;Kemet;Condensateur cms 0603 X7R;C260;1nF;50V;10%;
185-0600;1;;TDK;Condensateur 0402 X7R;C261;10nF;50V;20%;
181-0549;1;T520B107M006ATE070;Kemet;Condensateur tantale cms taille B (ESR = 0.07 Ohm);C262;100µF;6V;20%;
181-0549;1;T520B107M006ATE070;Kemet;Condensateur tantale cms taille B (ESR = 0.07 Ohm);C263;100µF;6V;20%;
185-0700;1;;TDK;Condensateur 0402 X5R;C264;100nF;16V;20%;
185-0700;1;;TDK;Condensateur 0402 X5R;C265;100nF;16V;20%;
181-0542;1;293D475X9016A2WE3;Vishay;Condensateur tantale cms taille A;C266;4.7µF;16V;10%;
185-0700;1;;TDK;Condensateur 0402 X5R;C267;100nF;16V;20%;
185-0700;1;;TDK;Condensateur 0402 X5R;C268;100nF;16V;20%;
181-0545;1;293D106X96R3A2WE3;Vishay;Condensateur tantale cms taille A;C269;10µF;6.3V;10%;
185-0700;1;;TDK;Condensateur 0402 X5R;C270;100nF;16V;20%;
185-0700;1;;TDK;Condensateur 0402 X5R;C271;100nF;16V;20%;
185-0700;1;;TDK;Condensateur 0402 X5R;C272;100nF;16V;20%;
180-0955;1;GRM32DR61C106K;Murata;Condensateur cms 1210 X5R;C273;10µF;16V;10%;
185-0700;1;;TDK;Condensateur 0402 X5R;C274;100nF;16V;20%;
185-0700;1;;TDK;Condensateur 0402 X5R;C275;100nF;16V;20%;
185-0700;1;;TDK;Condensateur 0402 X5R;C276;100nF;16V;20%;
185-0700;1;;TDK;Condensateur 0402 X5R;C277;100nF;16V;20%;
181-0544;1;293D475X9025A2WE3;Vishay;Condensateur tantale cms taille A;C278;4.7µF;25V;10%;
SANS;1;;Vishay;Condensateur cms 0402;C279;NC;;;
185-0300;1;;TDK;Condensateur 0402 NPO;C280;470pF;16V;5%;
182-5730;1;;Kemet;Condensateur cms 0603 X7R;C281;1nF;50V;10%;
181-0545;1;293D106X96R3A2WE3;Vishay;Condensateur tantale cms taille A;C282;10µF;6.3V;10%;
185-0700;1;;TDK;Condensateur 0402 X5R;C283;100nF;16V;20%;
181-0542;1;293D475X9016A2WE3;Vishay;Condensateur tantale cms taille A;C284;4.7µF;16V;10%;
185-0700;1;;TDK;Condensateur 0402 X5R;C285;100nF;16V;20%;
185-0700;1;;TDK;Condensateur 0402 X5R;C286;100nF;16V;20%;
185-0700;1;;TDK;Condensateur 0402 X5R;C287;100nF;16V;20%;
185-0700;1;;TDK;Condensateur 0402 X5R;C288;100nF;16V;20%;
185-0700;1;;TDK;Condensateur 0402 X5R;C289;100nF;16V;20%;
185-0700;1;;TDK;Condensateur 0402 X5R;C290;100nF;16V;20%;
185-0130;1;;Vishay;Condensateur cms 0402 NPO ou COG;C291;68pF;;;
185-0700;1;;TDK;Condensateur 0402 X5R;C292;100nF;16V;20%;
185-0700;1;;TDK;Condensateur 0402 X5R;C293;100nF;16V;20%;
185-0700;1;;TDK;Condensateur 0402 X5R;C294;100nF;16V;20%;
181-0542;1;293D475X9016A2WE3;Vishay;Condensateur tantale cms taille A;C295;4.7µF;16V;10%;
185-0700;1;;TDK;Condensateur 0402 X5R;C296;100nF;16V;20%;
185-0700;1;;TDK;Condensateur 0402 X5R;C297;100nF;16V;20%;
185-0700;1;;TDK;Condensateur 0402 X5R;C298;100nF;16V;20%;
181-0560;1;293D476X96R3D2WE3;Vishay;Condensateur tantale cms taille D;C299;47µF;6V;10%;
185-0700;1;;TDK;Condensateur 0402 X5R;C300;100nF;16V;20%;
185-0700;1;;TDK;Condensateur 0402 X5R;C301;100nF;16V;20%;
185-0700;1;;TDK;Condensateur 0402 X5R;C302;100nF;16V;20%;
181-0545;1;293D106X96R3A2WE3;Vishay;Condensateur tantale cms taille A;C303;10µF;6.3V;10%;
181-0560;1;293D476X96R3D2WE3;Vishay;Condensateur tantale cms taille D;C304;47µF;6V;10%;
185-0130;1;;Vishay;Condensateur cms 0402 NPO ou COG;C305;68pF;;;
185-0700;1;;TDK;Condensateur 0402 X5R;C306;100nF;16V;20%;
185-0700;1;;TDK;Condensateur 0402 X5R;C307;100nF;16V;20%;
185-0700;1;;TDK;Condensateur 0402 X5R;C308;100nF;16V;20%;
185-0700;1;;TDK;Condensateur 0402 X5R;C309;100nF;16V;20%;
185-0700;1;;TDK;Condensateur 0402 X5R;C310;100nF;16V;20%;
185-0700;1;;TDK;Condensateur 0402 X5R;C311;100nF;16V;20%;
185-0700;1;;TDK;Condensateur 0402 X5R;C312;100nF;16V;20%;
185-0700;1;;TDK;Condensateur 0402 X5R;C313;100nF;16V;20%;
185-0700;1;;TDK;Condensateur 0402 X5R;C314;100nF;16V;20%;
185-0700;1;;TDK;Condensateur 0402 X5R;C315;100nF;16V;20%;
185-0700;1;;TDK;Condensateur 0402 X5R;C316;100nF;16V;20%;
181-0545;1;293D106X96R3A2WE3;Vishay;Condensateur tantale cms taille A;C317;10µF;6.3V;10%;
181-0545;1;293D106X96R3A2WE3;Vishay;Condensateur tantale cms taille A;C318;10µF;6.3V;10%;
185-0700;1;;TDK;Condensateur 0402 X5R;C319;100nF;16V;20%;
185-0700;1;;TDK;Condensateur 0402 X5R;C320;100nF;16V;20%;
185-0700;1;;TDK;Condensateur 0402 X5R;C321;100nF;16V;20%;
181-0544;1;293D475X9025A2WE3;Vishay;Condensateur tantale cms taille A;C322;4.7µF;25V;10%;
185-0700;1;;TDK;Condensateur 0402 X5R;C323;100nF;16V;20%;
185-0030;1;;Vishay;Condensateur cms 0402 NPO ou COG;C324;6.8pF;;;
185-0130;1;;Vishay;Condensateur cms 0402 NPO ou COG;C325;68pF;;;
185-0700;1;;TDK;Condensateur 0402 X5R;C326;100nF;16V;20%;
185-0700;1;;TDK;Condensateur 0402 X5R;C327;100nF;16V;20%;
181-0544;1;293D475X9025A2WE3;Vishay;Condensateur tantale cms taille A;C328;4.7µF;25V;10%;
185-0700;1;;TDK;Condensateur 0402 X5R;C329;100nF;16V;20%;
185-0130;1;;Vishay;Condensateur cms 0402 NPO ou COG;C330;68pF;;;
185-0700;1;;TDK;Condensateur 0402 X5R;C331;100nF;16V;20%;
182-5730;1;;Kemet;Condensateur cms 0603 X7R;C332;1nF;50V;10%;
185-0600;1;;TDK;Condensateur 0402 X7R;C333;10nF;50V;20%;
185-0700;1;;TDK;Condensateur 0402 X5R;C334;100nF;16V;20%;
185-0700;1;;TDK;Condensateur 0402 X5R;C335;100nF;16V;20%;
185-0600;1;;TDK;Condensateur 0402 X7R;C336;10nF;50V;20%;
181-0545;1;293D106X96R3A2WE3;Vishay;Condensateur tantale cms taille A;C337;10µF;6.3V;10%;
185-0700;1;;TDK;Condensateur 0402 X5R;C338;100nF;16V;20%;
181-0545;1;293D106X96R3A2WE3;Vishay;Condensateur tantale cms taille A;C339;10µF;6.3V;10%;
181-0542;1;293D475X9016A2WE3;Vishay;Condensateur tantale cms taille A;C340;4.7µF;16V;10%;
185-0700;1;;TDK;Condensateur 0402 X5R;C341;100nF;16V;20%;
185-0700;1;;TDK;Condensateur 0402 X5R;C342;100nF;16V;20%;
185-0600;1;;TDK;Condensateur 0402 X7R;C343;10nF;50V;20%;
185-0700;1;;TDK;Condensateur 0402 X5R;C344;100nF;16V;20%;
185-0700;1;;TDK;Condensateur 0402 X5R;C345;100nF;16V;20%;
185-0700;1;;TDK;Condensateur 0402 X5R;C346;100nF;16V;20%;
185-0700;1;;TDK;Condensateur 0402 X5R;C347;100nF;16V;20%;
185-0030;1;;Vishay;Condensateur cms 0402 NPO ou COG;C348;6.8pF;;;
185-0700;1;;TDK;Condensateur 0402 X5R;C349;100nF;16V;20%;
185-0700;1;;TDK;Condensateur 0402 X5R;C350;100nF;16V;20%;
181-0543;1;TAJR475K006R;AVX;Condensateur tantale cms taille R;C351;4.7µF;6.3V;10%;RS : 547-9704    Farnell : 113-5070
181-0543;1;TAJR475K006R;AVX;Condensateur tantale cms taille R;C352;4.7µF;6.3V;10%;RS : 547-9704    Farnell : 113-5070
185-0700;1;;TDK;Condensateur 0402 X5R;C353;100nF;16V;20%;
185-0700;1;;TDK;Condensateur 0402 X5R;C354;100nF;16V;20%;
181-0544;1;293D475X9025A2WE3;Vishay;Condensateur tantale cms taille A;C355;4.7µF;25V;10%;
SANS;1;;Vishay;Condensateur cms 0402;C356;NC;;;
185-0700;1;;TDK;Condensateur 0402 X5R;C357;100nF;16V;20%;
185-0700;1;;TDK;Condensateur 0402 X5R;C358;100nF;16V;20%;
185-0700;1;;TDK;Condensateur 0402 X5R;C359;100nF;16V;20%;
185-0700;1;;TDK;Condensateur 0402 X5R;C360;100nF;16V;20%;
185-0700;1;;TDK;Condensateur 0402 X5R;C361;100nF;16V;20%;
185-0700;1;;TDK;Condensateur 0402 X5R;C362;100nF;16V;20%;
181-0542;1;293D475X9016A2WE3;Vishay;Condensateur tantale cms taille A;C363;4.7µF;16V;10%;
185-0700;1;;TDK;Condensateur 0402 X5R;C364;100nF;16V;20%;
185-0700;1;;TDK;Condensateur 0402 X5R;C365;100nF;16V;20%;
185-0700;1;;TDK;Condensateur 0402 X5R;C366;100nF;16V;20%;
185-0700;1;;TDK;Condensateur 0402 X5R;C367;100nF;16V;20%;
185-0700;1;;TDK;Condensateur 0402 X5R;C368;100nF;16V;20%;
185-0700;1;;TDK;Condensateur 0402 X5R;C369;100nF;16V;20%;
185-0600;1;;TDK;Condensateur 0402 X7R;C370;10nF;50V;20%;
181-0543;1;TAJR475K006R;AVX;Condensateur tantale cms taille R;C371;4.7µF;6.3V;10%;RS : 547-9704    Farnell : 113-5070
185-0600;1;;TDK;Condensateur 0402 X7R;C372;10nF;50V;20%;
181-0542;1;293D475X9016A2WE3;Vishay;Condensateur tantale cms taille A;C373;4.7µF;16V;10%;
185-0700;1;;TDK;Condensateur 0402 X5R;C374;100nF;16V;20%;
185-0700;1;;TDK;Condensateur 0402 X5R;C375;100nF;16V;20%;
185-0700;1;;TDK;Condensateur 0402 X5R;C376;100nF;16V;20%;
185-0700;1;;TDK;Condensateur 0402 X5R;C377;100nF;16V;20%;
185-0700;1;;TDK;Condensateur 0402 X5R;C378;100nF;16V;20%;
185-0700;1;;TDK;Condensateur 0402 X5R;C379;100nF;16V;20%;
185-0700;1;;TDK;Condensateur 0402 X5R;C380;100nF;16V;20%;
185-0700;1;;TDK;Condensateur 0402 X5R;C381;100nF;16V;20%;
185-0700;1;;TDK;Condensateur 0402 X5R;C382;100nF;16V;20%;
185-0700;1;;TDK;Condensateur 0402 X5R;C383;100nF;16V;20%;
185-0030;1;;Vishay;Condensateur cms 0402 NPO ou COG;C384;6.8pF;;;
185-0100;1;;TDK;Condensateur 0402 NPO;C385;22pF;50V;5%;
185-0700;1;;TDK;Condensateur 0402 X5R;C386;100nF;16V;20%;
185-0700;1;;TDK;Condensateur 0402 X5R;C387;100nF;16V;20%;
185-0100;1;;TDK;Condensateur 0402 NPO;C388;22pF;50V;5%;
185-0700;1;;TDK;Condensateur 0402 X5R;C389;100nF;16V;20%;
185-0700;1;;TDK;Condensateur 0402 X5R;C390;100nF;16V;20%;
185-0700;1;;TDK;Condensateur 0402 X5R;C391;100nF;16V;20%;
185-0700;1;;TDK;Condensateur 0402 X5R;C392;100nF;16V;20%;
185-0700;1;;TDK;Condensateur 0402 X5R;C393;100nF;16V;20%;
185-0700;1;;TDK;Condensateur 0402 X5R;C394;100nF;16V;20%;
185-0700;1;;TDK;Condensateur 0402 X5R;C395;100nF;16V;20%;
185-0700;1;;TDK;Condensateur 0402 X5R;C396;100nF;16V;20%;
185-0700;1;;TDK;Condensateur 0402 X5R;C397;100nF;16V;20%;
185-0600;1;;TDK;Condensateur 0402 X7R;C398;10nF;50V;20%;
185-0700;1;;TDK;Condensateur 0402 X5R;C399;100nF;16V;20%;
181-0545;1;293D106X96R3A2WE3;Vishay;Condensateur tantale cms taille A;C400;10µF;6.3V;10%;
181-0544;1;293D475X9025A2WE3;Vishay;Condensateur tantale cms taille A;C401;4.7µF;25V;10%;
185-0700;1;;TDK;Condensateur 0402 X5R;C402;100nF;16V;20%;
185-0700;1;;TDK;Condensateur 0402 X5R;C403;100nF;16V;20%;
185-0700;1;;TDK;Condensateur 0402 X5R;C404;100nF;16V;20%;
185-0700;1;;TDK;Condensateur 0402 X5R;C405;100nF;16V;20%;
182-5730;1;;Kemet;Condensateur cms 0603 X7R;C406;1nF;50V;10%;
185-0600;1;;TDK;Condensateur 0402 X7R;C407;10nF;50V;20%;
185-0700;1;;TDK;Condensateur 0402 X5R;C408;100nF;16V;20%;
185-0700;1;;TDK;Condensateur 0402 X5R;C409;100nF;16V;20%;
185-0700;1;;TDK;Condensateur 0402 X5R;C410;100nF;16V;20%;
185-0700;1;;TDK;Condensateur 0402 X5R;C411;100nF;16V;20%;
185-0700;1;;TDK;Condensateur 0402 X5R;C412;100nF;16V;20%;
181-0542;1;293D475X9016A2WE3;Vishay;Condensateur tantale cms taille A;C413;4.7µF;16V;10%;
185-0700;1;;TDK;Condensateur 0402 X5R;C414;100nF;16V;20%;
185-0130;1;;Vishay;Condensateur cms 0402 NPO ou COG;C415;68pF;;;
185-0700;1;;TDK;Condensateur 0402 X5R;C416;100nF;16V;20%;
185-0700;1;;TDK;Condensateur 0402 X5R;C417;100nF;16V;20%;
185-0700;1;;TDK;Condensateur 0402 X5R;C418;100nF;16V;20%;
185-0700;1;;TDK;Condensateur 0402 X5R;C419;100nF;16V;20%;
185-0700;1;;TDK;Condensateur 0402 X5R;C420;100nF;16V;20%;
185-0700;1;;TDK;Condensateur 0402 X5R;C421;100nF;16V;20%;
181-0545;1;293D106X96R3A2WE3;Vishay;Condensateur tantale cms taille A;C422;10µF;6.3V;10%;
185-0700;1;;TDK;Condensateur 0402 X5R;C423;100nF;16V;20%;
181-0544;1;293D475X9025A2WE3;Vishay;Condensateur tantale cms taille A;C424;4.7µF;25V;10%;
SANS;1;;Vishay;Condensateur cms 0402;C425;NC;;;
181-0560;1;293D476X96R3D2WE3;Vishay;Condensateur tantale cms taille D;C426;47µF;6V;10%;
181-0560;1;293D476X96R3D2WE3;Vishay;Condensateur tantale cms taille D;C427;47µF;6V;10%;
185-0130;1;;Vishay;Condensateur cms 0402 NPO ou COG;C428;68pF;;;
185-0700;1;;TDK;Condensateur 0402 X5R;C429;100nF;16V;20%;
181-0542;1;293D475X9016A2WE3;Vishay;Condensateur tantale cms taille A;C430;4.7µF;16V;10%;
185-0700;1;;TDK;Condensateur 0402 X5R;C431;100nF;16V;20%;
185-0700;1;;TDK;Condensateur 0402 X5R;C432;100nF;16V;20%;
185-0700;1;;TDK;Condensateur 0402 X5R;C433;100nF;16V;20%;
185-0700;1;;TDK;Condensateur 0402 X5R;C434;100nF;16V;20%;
185-0700;1;;TDK;Condensateur 0402 X5R;C435;100nF;16V;20%;
185-0700;1;;TDK;Condensateur 0402 X5R;C436;100nF;16V;20%;
185-0700;1;;TDK;Condensateur 0402 X5R;C437;100nF;16V;20%;
181-0542;1;293D475X9016A2WE3;Vishay;Condensateur tantale cms taille A;C438;4.7µF;16V;10%;
185-0700;1;;TDK;Condensateur 0402 X5R;C439;100nF;16V;20%;
185-0700;1;;TDK;Condensateur 0402 X5R;C440;100nF;16V;20%;
185-0700;1;;TDK;Condensateur 0402 X5R;C441;100nF;16V;20%;
185-0700;1;;TDK;Condensateur 0402 X5R;C442;100nF;16V;20%;
181-0560;1;293D476X96R3D2WE3;Vishay;Condensateur tantale cms taille D;C443;47µF;6V;10%;
185-0700;1;;TDK;Condensateur 0402 X5R;C444;100nF;16V;20%;
185-0700;1;;TDK;Condensateur 0402 X5R;C445;100nF;16V;20%;
185-0700;1;;TDK;Condensateur 0402 X5R;C446;100nF;16V;20%;
185-0700;1;;TDK;Condensateur 0402 X5R;C447;100nF;16V;20%;
185-0700;1;;TDK;Condensateur 0402 X5R;C448;100nF;16V;20%;
185-0700;1;;TDK;Condensateur 0402 X5R;C449;100nF;16V;20%;
185-0700;1;;TDK;Condensateur 0402 X5R;C450;100nF;16V;20%;
185-0700;1;;TDK;Condensateur 0402 X5R;C451;100nF;16V;20%;
185-0700;1;;TDK;Condensateur 0402 X5R;C452;100nF;16V;20%;
185-0700;1;;TDK;Condensateur 0402 X5R;C453;100nF;16V;20%;
185-0700;1;;TDK;Condensateur 0402 X5R;C454;100nF;16V;20%;
185-0700;1;;TDK;Condensateur 0402 X5R;C455;100nF;16V;20%;
181-0560;1;293D476X96R3D2WE3;Vishay;Condensateur tantale cms taille D;C456;47µF;6V;10%;
185-0700;1;;TDK;Condensateur 0402 X5R;C457;100nF;16V;20%;
181-0545;1;293D106X96R3A2WE3;Vishay;Condensateur tantale cms taille A;C458;10µF;6.3V;10%;
210-0531;1;BAT54S;Philips;Double diode schottky;D1;;;;
211-0010;1;0402ESDA-MLP8;Cooper;Protection ESD;D2;12V;;;
211-0010;1;0402ESDA-MLP8;Cooper;Protection ESD;D3;12V;;;
210-0531;1;BAT54S;Philips;Double diode schottky;D4;;;;
211-0010;1;0402ESDA-MLP8;Cooper;Protection ESD;D5;12V;;;
211-0010;1;0402ESDA-MLP8;Cooper;Protection ESD;D6;12V;;;
211-0010;1;0402ESDA-MLP8;Cooper;Protection ESD;D7;12V;;;
211-0010;1;0402ESDA-MLP8;Cooper;Protection ESD;D8;12V;;;
211-0010;1;0402ESDA-MLP8;Cooper;Protection ESD;D9;12V;;;
211-0010;1;0402ESDA-MLP8;Cooper;Protection ESD;D10;12V;;;
183-0810;1;VC06LC18X500RP;AVX;Transguard, ESD protection;D11;18V;;;
211-0010;1;0402ESDA-MLP8;Cooper;Protection ESD;D12;12V;;;
183-0810;1;VC06LC18X500RP;AVX;Transguard, ESD protection;D13;18V;;;
211-0010;1;0402ESDA-MLP8;Cooper;Protection ESD;D14;12V;;;
210-0531;1;BAT54S;Philips;Double diode schottky;D15;;;;
211-0010;1;0402ESDA-MLP8;Cooper;Protection ESD;D16;12V;;;
211-0010;1;0402ESDA-MLP8;Cooper;Protection ESD;D17;12V;;;
210-0531;1;BAT54S;Philips;Double diode schottky;D18;;;;
211-0010;1;0402ESDA-MLP8;Cooper;Protection ESD;D19;12V;;;
211-0010;1;0402ESDA-MLP8;Cooper;Protection ESD;D20;12V;;;
211-0010;1;0402ESDA-MLP8;Cooper;Protection ESD;D21;12V;;;
211-0010;1;0402ESDA-MLP8;Cooper;Protection ESD;D22;12V;;;
211-0010;1;0402ESDA-MLP8;Cooper;Protection ESD;D23;12V;;;
211-0010;1;0402ESDA-MLP8;Cooper;Protection ESD;D24;12V;;;
211-0010;1;0402ESDA-MLP8;Cooper;Protection ESD;D25;12V;;;
183-0810;1;VC06LC18X500RP;AVX;Transguard, ESD protection;D26;18V;;;
211-0010;1;0402ESDA-MLP8;Cooper;Protection ESD;D27;12V;;;
183-0810;1;VC06LC18X500RP;AVX;Transguard, ESD protection;D28;18V;;;
210-0531;1;BAT54S;Philips;Double diode schottky;D29;;;;
210-0531;1;BAT54S;Philips;Double diode schottky;D30;;;;
211-0010;1;0402ESDA-MLP8;Cooper;Protection ESD;D31;12V;;;
211-0010;1;0402ESDA-MLP8;Cooper;Protection ESD;D32;12V;;;
211-0010;1;0402ESDA-MLP8;Cooper;Protection ESD;D33;12V;;;
211-0010;1;0402ESDA-MLP8;Cooper;Protection ESD;D34;12V;;;
211-0010;1;0402ESDA-MLP8;Cooper;Protection ESD;D35;12V;;;
211-0010;1;0402ESDA-MLP8;Cooper;Protection ESD;D36;12V;;;
211-0010;1;0402ESDA-MLP8;Cooper;Protection ESD;D37;12V;;;
211-0010;1;0402ESDA-MLP8;Cooper;Protection ESD;D38;12V;;;
211-0010;1;0402ESDA-MLP8;Cooper;Protection ESD;D39;12V;;;
183-0810;1;VC06LC18X500RP;AVX;Transguard, ESD protection;D40;18V;;;
211-0010;1;0402ESDA-MLP8;Cooper;Protection ESD;D41;12V;;;
183-0810;1;VC06LC18X500RP;AVX;Transguard, ESD protection;D42;18V;;;
210-0570;1;MBRS340T3G;On Semiconductor;Diode schottky CMS 40V/3A;D43;;;;
210-0520;1;PMLL4148L;Philips;Diode cms 75V/200mA;D44;;;;
210-0531;1;BAT54S;Philips;Double diode schottky;D45;;;;
210-0531;1;BAT54S;Philips;Double diode schottky;D46;;;;
210-0531;1;BAT54S;Philips;Double diode schottky;D47;;;;
210-0531;1;BAT54S;Philips;Double diode schottky;D48;;;;
210-0531;1;BAT54S;Philips;Double diode schottky;D49;;;;
SANS;1;USBLC6-2;STMicro;Very Low capacitance ESD protection;D50;NC;;;
210-0531;1;BAT54S;Philips;Double diode schottky;D51;;;;
210-0520;1;PMLL4148L;Philips;Diode cms 75V/200mA;D52;;;;
210-0531;1;BAT54S;Philips;Double diode schottky;D53;;;;
210-0531;1;BAT54S;Philips;Double diode schottky;D54;;;;
210-0531;1;BAT54S;Philips;Double diode schottky;D55;;;;
210-0531;1;BAT54S;Philips;Double diode schottky;D56;;;;
SANS;1;USBLC6-2;STMicro;Very Low capacitance ESD protection;D57;NC;;;
210-0531;1;BAT54S;Philips;Double diode schottky;D58;;;;
210-0520;1;PMLL4148L;Philips;Diode cms 75V/200mA;D59;;;;
210-0531;1;BAT54S;Philips;Double diode schottky;D60;;;;
210-0531;1;BAT54S;Philips;Double diode schottky;D61;;;;
210-0531;1;BAT54S;Philips;Double diode schottky;D62;;;;
210-0531;1;BAT54S;Philips;Double diode schottky;D63;;;;
SANS;1;USBLC6-2;STMicro;Very Low capacitance ESD protection;D64;NC;;;
210-0531;1;BAT54S;Philips;Double diode schottky;D65;;;;
210-0520;1;PMLL4148L;Philips;Diode cms 75V/200mA;D66;;;;
210-0531;1;BAT54S;Philips;Double diode schottky;D67;;;;
280-0360;1;598-8410-207F;Dialight;LED cms double rouge et verte;D68;Rouge et verte;;;Ajouter guide de lumière
280-0360;1;598-8410-207F;Dialight;LED cms double rouge et verte;D69;Rouge et verte;;;Ajouter guide de lumière
210-0531;1;BAT54S;Philips;Double diode schottky;D70;;;;
280-0360;1;598-8410-207F;Dialight;LED cms double rouge et verte;D71;Rouge et verte;;;Ajouter guide de lumière
280-0360;1;598-8410-207F;Dialight;LED cms double rouge et verte;D72;Rouge et verte;;;Ajouter guide de lumière
195-0301;1;SD-500873-0806;Molex;Connecteur micro SD;J1;;;;Pas d'immersion
195-0301;1;SD-500873-0806;Molex;Connecteur micro SD;J2;;;;Pas d'immersion
195-0301;1;SD-500873-0806;Molex;Connecteur micro SD;J3;;;;Pas d'immersion
190-5021;1;FTR-122-01-S-D-P-A;Samtec;Connecteur CMS 2*22 points mâle avec plots ( écart : 10 et 12 mm );J4;;;;
190-8001;1;858-F014-B212-010-1;Amphenol;Connecteur Mini Delta Ribbon 14 points femelle coudé;J5;;;;Pattes 15 et 16 à la masse
190-8001;1;858-F014-B212-010-1;Amphenol;Connecteur Mini Delta Ribbon 14 points femelle coudé;J6;;;;Pattes 15 et 16 à la masse
190-8001;1;858-F014-B212-010-1;Amphenol;Connecteur Mini Delta Ribbon 14 points femelle coudé;J7;;;;Pattes 15 et 16 à la masse
190-5021;1;FTR-122-01-S-D-P-A;Samtec;Connecteur CMS 2*22 points mâle avec plots ( écart : 10 et 12 mm );J8;;;;
395-0270;1;IM03GR ( 1-1462037-4 );Tyco - Axicom;Relais double inverseur bobine 5V;K1;;;;
395-0270;1;IM03GR ( 1-1462037-4 );Tyco - Axicom;Relais double inverseur bobine 5V;K2;;;;
395-0270;1;IM03GR ( 1-1462037-4 );Tyco - Axicom;Relais double inverseur bobine 5V;K3;;;;
183-1110;1;74279267;Würth Elektronik;CMS 0603 Ferrite High Speed 60 Ohms;L1;60R;;;60R à 100MHz
183-1100;1;74279262;Würth Elektronik;CMS 0603 Ferrite Wide Band 120 Ohms;L2;120R;;;120R à 100MHz
183-1100;1;74279262;Würth Elektronik;CMS 0603 Ferrite Wide Band 120 Ohms;L3;120R;;;120R à 100MHz
183-1100;1;74279262;Würth Elektronik;CMS 0603 Ferrite Wide Band 120 Ohms;L4;120R;;;120R à 100MHz
183-1100;1;74279262;Würth Elektronik;CMS 0603 Ferrite Wide Band 120 Ohms;L5;120R;;;120R à 100MHz
183-1100;1;74279262;Würth Elektronik;CMS 0603 Ferrite Wide Band 120 Ohms;L6;120R;;;120R à 100MHz
183-1110;1;74279267;Würth Elektronik;CMS 0603 Ferrite High Speed 60 Ohms;L7;60R;;;60R à 100MHz
183-1100;1;74279262;Würth Elektronik;CMS 0603 Ferrite Wide Band 120 Ohms;L8;120R;;;120R à 100MHz
183-1100;1;74279262;Würth Elektronik;CMS 0603 Ferrite Wide Band 120 Ohms;L9;120R;;;120R à 100MHz
183-1100;1;74279262;Würth Elektronik;CMS 0603 Ferrite Wide Band 120 Ohms;L10;120R;;;120R à 100MHz
183-1100;1;74279262;Würth Elektronik;CMS 0603 Ferrite Wide Band 120 Ohms;L11;120R;;;120R à 100MHz
183-1100;1;74279262;Würth Elektronik;CMS 0603 Ferrite Wide Band 120 Ohms;L12;120R;;;120R à 100MHz
183-1110;1;74279267;Würth Elektronik;CMS 0603 Ferrite High Speed 60 Ohms;L13;60R;;;60R à 100MHz
183-1100;1;74279262;Würth Elektronik;CMS 0603 Ferrite Wide Band 120 Ohms;L14;120R;;;120R à 100MHz
183-0950;1;BLM21PG300SN1D;Murata;Ferrite cms 0805, 30 ohms à 100 MHz, 3A.;L15;;;;
183-1100;1;74279262;Würth Elektronik;CMS 0603 Ferrite Wide Band 120 Ohms;L16;120R;;;120R à 100MHz
183-1100;1;74279262;Würth Elektronik;CMS 0603 Ferrite Wide Band 120 Ohms;L17;120R;;;120R à 100MHz
183-1100;1;74279262;Würth Elektronik;CMS 0603 Ferrite Wide Band 120 Ohms;L18;120R;;;120R à 100MHz
183-1100;1;74279262;Würth Elektronik;CMS 0603 Ferrite Wide Band 120 Ohms;L19;120R;;;120R à 100MHz
183-0950;1;BLM21PG300SN1D;Murata;Ferrite cms 0805, 30 ohms à 100 MHz, 3A.;L20;;;;
183-0950;1;BLM21PG300SN1D;Murata;Ferrite cms 0805, 30 ohms à 100 MHz, 3A.;L21;;;;
183-0950;1;BLM21PG300SN1D;Murata;Ferrite cms 0805, 30 ohms à 100 MHz, 3A.;L22;;;;
183-0950;1;BLM21PG300SN1D;Murata;Ferrite cms 0805, 30 ohms à 100 MHz, 3A.;L23;;;;
184-0810;1;PF0580.102NL;Pulse;Self série PF0580NL;L24;1µH/3.1A;;;
183-0950;1;BLM21PG300SN1D;Murata;Ferrite cms 0805, 30 ohms à 100 MHz, 3A.;L25;;;;
183-0950;1;BLM21PG300SN1D;Murata;Ferrite cms 0805, 30 ohms à 100 MHz, 3A.;L26;;;;
184-0810;1;PF0580.102NL;Pulse;Self série PF0580NL;L27;1µH/3.1A;;;
184-0800;1;IHLP2525CZER4R7M01;Vishay;Self série IHLP-2525CZ-01;L28;4.7µH/5.5A;;;
183-0950;1;BLM21PG300SN1D;Murata;Ferrite cms 0805, 30 ohms à 100 MHz, 3A.;L29;;;;
183-0950;1;BLM21PG300SN1D;Murata;Ferrite cms 0805, 30 ohms à 100 MHz, 3A.;L30;;;;
184-0207;1;1008CS-621XJLC;Coilcraft;Self série 1008CS;L31;620nH;;5%;Equivalent : Tyco : 36502CR62JTDG
184-0206;1;1008CS-561XJLC;Coilcraft;Self série 1008CS;L32;560nH;;5%;Equivalent : Tyco : 36502CR56JTDG
184-0205;1;1008CS-391XJLC;Coilcraft;Self série 1008CS;L33;390nH;;5%;Equivalent : Tyco : 36502CR39JTDG
184-0207;1;1008CS-621XJLC;Coilcraft;Self série 1008CS;L34;620nH;;5%;Equivalent : Tyco : 36502CR62JTDG
184-0206;1;1008CS-561XJLC;Coilcraft;Self série 1008CS;L35;560nH;;5%;Equivalent : Tyco : 36502CR56JTDG
184-0205;1;1008CS-391XJLC;Coilcraft;Self série 1008CS;L36;390nH;;5%;Equivalent : Tyco : 36502CR39JTDG
184-0207;1;1008CS-621XJLC;Coilcraft;Self série 1008CS;L37;620nH;;5%;Equivalent : Tyco : 36502CR62JTDG
184-0206;1;1008CS-561XJLC;Coilcraft;Self série 1008CS;L38;560nH;;5%;Equivalent : Tyco : 36502CR56JTDG
184-0205;1;1008CS-391XJLC;Coilcraft;Self série 1008CS;L39;390nH;;5%;Equivalent : Tyco : 36502CR39JTDG
183-0950;1;BLM21PG300SN1D;Murata;Ferrite cms 0805, 30 ohms à 100 MHz, 3A.;L40;;;;
183-0950;1;BLM21PG300SN1D;Murata;Ferrite cms 0805, 30 ohms à 100 MHz, 3A.;L41;;;;
365-0700;1;PVG3K101A01;Murata;Potentiomètre CMS série PVG3K;P1;100R;;;
365-0700;1;PVG3K101A01;Murata;Potentiomètre CMS série PVG3K;P2;100R;;;
365-0700;1;PVG3K101A01;Murata;Potentiomètre CMS série PVG3K;P3;100R;;;
365-0700;1;PVG3K101A01;Murata;Potentiomètre CMS série PVG3K;P4;100R;;;
365-0700;1;PVG3K101A01;Murata;Potentiomètre CMS série PVG3K;P5;100R;;;
365-0700;1;PVG3K101A01;Murata;Potentiomètre CMS série PVG3K;P6;100R;;;
SANS;1;;;Point de test;PT1;NC;;;
SANS;1;;;Point de test;PT2;NC;;;
SANS;1;;;Point de test;PT3;NC;;;
SANS;1;;;Point de test;PT4;NC;;;
SANS;1;;;Point de test;PT5;NC;;;
SANS;1;;;Point de test;PT6;NC;;;
SANS;1;;;Point de test;PT7;NC;;;
SANS;1;;;Point de test;PT8;NC;;;
SANS;1;;;Point de test;PT9;NC;;;
SANS;1;;;Point de test;PT10;NC;;;
SANS;1;;;Point de test;PT11;NC;;;
SANS;1;;;Point de test;PT12;NC;;;
SANS;1;;;Point de test;PT13;NC;;;
SANS;1;;;Point de test;PT16;NC;;;
SANS;1;;;Point de test;PT18;NC;;;
190-2546;1;C12000-10-90;Nicomatic;Point de test CMS;PT20;0R;;;
SANS;1;;;Point de test;PT21;NC;;;
SANS;1;;;Point de test;PT22;NC;;;
SANS;1;;;Point de test;PT23;NC;;;
SANS;1;;;Point de test;PT24;NC;;;
SANS;1;;;Point de test;PT25;NC;;;
SANS;1;;;Point de test;PT26;NC;;;
SANS;1;;;Point de test;PT27;NC;;;
SANS;1;;;Point de test;PT28;NC;;;
SANS;1;;;Point de test;PT29;NC;;;
SANS;1;;;Point de test;PT30;NC;;;
SANS;1;;;Point de test;PT31;NC;;;
SANS;1;;;Point de test;PT32;NC;;;
SANS;1;;;Point de test;PT33;NC;;;
SANS;1;;;Point de test;PT34;NC;;;
SANS;1;;;Point de test;PT35;NC;;;
190-2546;1;C12000-10-90;Nicomatic;Point de test CMS;PT36;0R;;;
SANS;1;;;Point de test;PT37;NC;;;
SANS;1;;;Point de test;PT38;NC;;;
SANS;1;;;Point de test;PT39;NC;;;
SANS;1;;;Point de test;PT40;NC;;;
SANS;1;;;Point de test;PT41;NC;;;
SANS;1;;;Point de test;PT42;NC;;;
SANS;1;;;Point de test;PT43;NC;;;
SANS;1;;;Point de test;PT44;NC;;;
SANS;1;;;Point de test;PT45;NC;;;
SANS;1;;;Point de test;PT46;NC;;;
SANS;1;;;Point de test;PT47;NC;;;
SANS;1;;;Point de test;PT48;NC;;;
SANS;1;;;Point de test;PT49;NC;;;
SANS;1;;;Point de test;PT50;NC;;;
190-2546;1;C12000-10-90;Nicomatic;Point de test CMS;PT51;0R;;;
SANS;1;;;Point de test;PT52;NC;;;
SANS;1;;;Point de test;PT53;NC;;;
SANS;1;;;Point de test;PT54;NC;;;
SANS;1;;;Point de test;PT55;NC;;;
SANS;1;;;Point de test;PT56;NC;;;
SANS;1;;;Point de test;PT57;NC;;;
SANS;1;;;Point de test;PT58;NC;;;
SANS;1;;;Point de test;PT59;NC;;;
SANS;1;;;Point de test;PT60;NC;;;
190-2546;1;C12000-10-90;Nicomatic;Point de test CMS;PT61;0R;;;
SANS;1;;;Point de test;PT62;NC;;;
SANS;1;;;Point de test;PT63;NC;;;
SANS;1;;;Point de test;PT64;NC;;;
SANS;1;311 0010 000 500;Kontek Comatel;Point de test comatel doré;PT65;NC;;;RS : 305-0890
SANS;1;311 0010 000 500;Kontek Comatel;Point de test comatel doré;PT66;NC;;;RS : 305-0890
SANS;1;;;Point de test;PT67;NC;;;
SANS;1;;;Point de test;PT68;NC;;;
SANS;1;;;Point de test;PT69;NC;;;
SANS;1;;;Point de test;PT70;NC;;;
SANS;1;;;Point de test;PT71;NC;;;
SANS;1;;;Point de test;PT72;NC;;;
SANS;1;;;Point de test;PT73;NC;;;
SANS;1;;;Point de test;PT136;NC;;;
SANS;1;;;Point de test;PT138;NC;;;
440-0142;1;MMBT2907ALT1G;On Semiconductor;Transistor cms bipolaire PNP;Q1;;;;
440-0112;1;MMBT2222ALT1G;On Semiconductor;Transistor cms bipolaire NPN;Q2;;;;
470-0131;1;ZVN3310F;Zetex;Transistor cms mosfet canal N;Q3;;;;
440-0142;1;MMBT2907ALT1G;On Semiconductor;Transistor cms bipolaire PNP;Q4;;;;
440-0112;1;MMBT2222ALT1G;On Semiconductor;Transistor cms bipolaire NPN;Q5;;;;
470-0131;1;ZVN3310F;Zetex;Transistor cms mosfet canal N;Q6;;;;
440-0142;1;MMBT2907ALT1G;On Semiconductor;Transistor cms bipolaire PNP;Q7;;;;
440-0112;1;MMBT2222ALT1G;On Semiconductor;Transistor cms bipolaire NPN;Q8;;;;
470-0131;1;ZVN3310F;Zetex;Transistor cms mosfet canal N;Q9;;;;
470-0130;1;IRLML2803PbF;International Rectifier;Transistor cms mosfet canal N;Q10;;;;
470-0130;1;IRLML2803PbF;International Rectifier;Transistor cms mosfet canal N;Q11;;;;
470-0130;1;IRLML2803PbF;International Rectifier;Transistor cms mosfet canal N;Q12;;;;
470-0130;1;IRLML2803PbF;International Rectifier;Transistor cms mosfet canal N;Q13;;;;
440-0142;1;MMBT2907ALT1G;On Semiconductor;Transistor cms bipolaire PNP;Q14;;;;
440-0142;1;MMBT2907ALT1G;On Semiconductor;Transistor cms bipolaire PNP;Q15;;;;
440-0142;1;MMBT2907ALT1G;On Semiconductor;Transistor cms bipolaire PNP;Q16;;;;
470-0130;1;IRLML2803PbF;International Rectifier;Transistor cms mosfet canal N;Q17;;;;
470-0130;1;IRLML2803PbF;International Rectifier;Transistor cms mosfet canal N;Q18;;;;
615-0047;1;;Vishay;Résistance CMS 0603;R1;4.7R;;1%;
615-0047;1;;Vishay;Résistance CMS 0603;R2;4.7R;;1%;
619-0470;1;;Vishay;Résistance CMS 0402;R3;470R;;1%;
619-1047;1;;Vishay;Résistance CMS 0402;R4;4.7k;;1%;
619-0022;1;;Vishay;Résistance CMS 0402;R5;22R;;1%;
619-0022;1;;Vishay;Résistance CMS 0402;R6;22R;;1%;
619-1047;1;;Vishay;Résistance CMS 0402;R7;4.7k;;1%;
619-0022;1;;Vishay;Résistance CMS 0402;R8;22R;;1%;
619-1330;1;;Vishay;Résistance CMS 0402;R9;33k;;1%;
619-0068;1;;Vishay;Résistance CMS 0402;R10;68R;;1%;
619-0000;1;;Vishay;Résistance CMS 0402;R11;0R;;1%;
619-1390;1;;Vishay;Résistance CMS 0402;R12;39k;;1%;
619-0015;1;;Vishay;Résistance CMS 0402;R13;15R;;1%;
619-0220;1;;Vishay;Résistance CMS 0402;R14;220R;;1%;
619-0022;1;;Vishay;Résistance CMS 0402;R15;22R;;1%;
619-0068;1;;Vishay;Résistance CMS 0402;R16;68R;;1%;
619-0022;1;;Vishay;Résistance CMS 0402;R17;22R;;1%;
619-0015;1;;Vishay;Résistance CMS 0402;R18;15R;;1%;
619-0068;1;;Vishay;Résistance CMS 0402;R19;68R;;1%;
619-0680;1;;Vishay;Résistance CMS 0402;R20;680R;;1%;
619-1220;1;;Vishay;Résistance CMS 0402;R21;22k;;1%;
619-1005;1;;Vishay;Résistance CMS 0402;R22;1.5k;;1%;
619-1470;1;;Vishay;Résistance CMS 0402;R23;47k;;1%;
619-1001;1;;Vishay;Résistance CMS 0402;R24;1.1k;;1%;
619-0012;1;;Vishay;Résistance CMS 0402;R25;12R;;1%;
619-1047;1;;Vishay;Résistance CMS 0402;R26;4.7k;;1%;
619-0000;1;;Vishay;Résistance CMS 0402;R27;0R;;1%;
619-1470;1;;Vishay;Résistance CMS 0402;R28;47k;;1%;
619-0000;1;;Vishay;Résistance CMS 0402;R29;0R;;1%;
619-3000;1;;Vishay;Résistance CMS 0402;R30;1M;;1%;
619-0012;1;;Vishay;Résistance CMS 0402;R31;12R;;1%;
619-0022;1;;Vishay;Résistance CMS 0402;R32;22R;;1%;
619-1510;1;;Vishay;Résistance CMS 0402;R33;51k;;1%;
619-0022;1;;Vishay;Résistance CMS 0402;R34;22R;;1%;
619-0022;1;;Vishay;Résistance CMS 0402;R35;22R;;1%;
619-0000;1;;Vishay;Résistance CMS 0402;R36;0R;;1%;
619-1510;1;;Vishay;Résistance CMS 0402;R37;51k;;1%;
619-0022;1;;Vishay;Résistance CMS 0402;R38;22R;;1%;
619-0068;1;;Vishay;Résistance CMS 0402;R39;68R;;1%;
619-0015;1;;Vishay;Résistance CMS 0402;R40;15R;;1%;
619-0470;1;;Vishay;Résistance CMS 0402;R41;470R;;1%;
619-0000;1;;Vishay;Résistance CMS 0402;R42;0R;;1%;
619-1047;1;;Vishay;Résistance CMS 0402;R43;4.7k;;1%;
619-0022;1;;Vishay;Résistance CMS 0402;R44;22R;;1%;
619-0000;1;;Vishay;Résistance CMS 0402;R45;0R;;1%;
619-0022;1;;Vishay;Résistance CMS 0402;R46;22R;;1%;
619-0000;1;;Vishay;Résistance CMS 0402;R47;0R;;1%;
619-0022;1;;Vishay;Résistance CMS 0402;R48;22R;;1%;
619-0068;1;;Vishay;Résistance CMS 0402;R49;68R;;1%;
619-0000;1;;Vishay;Résistance CMS 0402;R50;0R;;1%;
619-1510;1;;Vishay;Résistance CMS 0402;R51;51k;;1%;
619-0022;1;;Vishay;Résistance CMS 0402;R52;22R;;1%;
619-0068;1;;Vishay;Résistance CMS 0402;R53;68R;;1%;
619-1510;1;;Vishay;Résistance CMS 0402;R54;51k;;1%;
619-0022;1;;Vishay;Résistance CMS 0402;R55;22R;;1%;
619-0033;1;;Vishay;Résistance CMS 0402;R56;33R;;1%;
619-0068;1;;Vishay;Résistance CMS 0402;R57;68R;;1%;
619-0022;1;;Vishay;Résistance CMS 0402;R58;22R;;1%;
619-0000;1;;Vishay;Résistance CMS 0402;R59;0R;;1%;
619-0000;1;;Vishay;Résistance CMS 0402;R60;0R;;1%;
619-0068;1;;Vishay;Résistance CMS 0402;R61;68R;;1%;
619-0022;1;;Vishay;Résistance CMS 0402;R62;22R;;1%;
619-1022;1;;Vishay;Résistance CMS 0402;R63;2.2k;;1%;
619-0390;1;;Vishay;Résistance CMS 0402;R64;390R;;1%;
619-1100;1;;Vishay;Résistance CMS 0402;R65;10k;;1%;
619-1022;1;;Vishay;Résistance CMS 0402;R66;2.2k;;1%;
250-0112;1;MicroSMD010F-2;Raychem;Fusible PolySwitch;R67;100mA;;;
619-0033;1;;Vishay;Résistance CMS 0402;R68;33R;;1%;
619-1150;1;;Vishay;Résistance CMS 0402;R69;15k;;1%;
619-0820;1;;Vishay;Résistance CMS 0402;R70;820R;;1%;
619-0100;1;;Vishay;Résistance CMS 0402;R71;100R;;1%;
615-0047;1;;Vishay;Résistance CMS 0603;R72;4.7R;;1%;
619-1047;1;;Vishay;Résistance CMS 0402;R73;4.7k;;1%;
619-0027;1;;Vishay;Résistance CMS 0402;R74;27R;;1%;
619-1047;1;;Vishay;Résistance CMS 0402;R75;4.7k;;1%;
619-0120;1;;Vishay;Résistance CMS 0402;R76;120R;;1%;
619-2000;1;;Vishay;Résistance CMS 0402;R77;100k;;1%;
615-0047;1;;Vishay;Résistance CMS 0603;R78;4.7R;;1%;
619-0470;1;;Vishay;Résistance CMS 0402;R79;470R;;1%;
619-0022;1;;Vishay;Résistance CMS 0402;R80;22R;;1%;
619-0120;1;;Vishay;Résistance CMS 0402;R81;120R;;1%;
619-0022;1;;Vishay;Résistance CMS 0402;R82;22R;;1%;
619-0022;1;;Vishay;Résistance CMS 0402;R83;22R;;1%;
619-1047;1;;Vishay;Résistance CMS 0402;R84;4.7k;;1%;
619-0027;1;;Vishay;Résistance CMS 0402;R85;27R;;1%;
619-1000;1;;Vishay;Résistance CMS 0402;R86;1k;;1%;
619-1047;1;;Vishay;Résistance CMS 0402;R87;4.7k;;1%;
619-1330;1;;Vishay;Résistance CMS 0402;R88;33k;;1%;
619-0000;1;;Vishay;Résistance CMS 0402;R89;0R;;1%;
619-0820;1;;Vishay;Résistance CMS 0402;R90;820R;;1%;
619-1000;1;;Vishay;Résistance CMS 0402;R91;1k;;1%;
619-0100;1;;Vishay;Résistance CMS 0402;R92;100R;;1%;
619-0068;1;;Vishay;Résistance CMS 0402;R93;68R;;1%;
619-1390;1;;Vishay;Résistance CMS 0402;R94;39k;;1%;
619-1022;1;;Vishay;Résistance CMS 0402;R95;2.2k;;1%;
619-0390;1;;Vishay;Résistance CMS 0402;R96;390R;;1%;
615-0000;1;;Vishay;Résistance CMS 0603;R97;0R;;1%;
619-0000;1;;Vishay;Résistance CMS 0402;R98;0R;;1%;
402-0476;1;BCN104AB103J;BI Technologies;Réseau résistif boitier 0804;R99;10k;;;
619-1034;1;;Vishay;Résistance CMS 0402;R100;3.3k;;1%;
402-0476;1;BCN104AB103J;BI Technologies;Réseau résistif boitier 0804;R101;10k;;;
619-1034;1;;Vishay;Résistance CMS 0402;R102;3.3k;;1%;
619-0820;1;;Vishay;Résistance CMS 0402;R103;820R;;1%;
619-0100;1;;Vishay;Résistance CMS 0402;R104;100R;;1%;
619-0015;1;;Vishay;Résistance CMS 0402;R105;15R;;1%;
619-0022;1;;Vishay;Résistance CMS 0402;R106;22R;;1%;
619-0220;1;;Vishay;Résistance CMS 0402;R107;220R;;1%;
619-0027;1;;Vishay;Résistance CMS 0402;R108;27R;;1%;
619-0015;1;;Vishay;Résistance CMS 0402;R109;15R;;1%;
619-0068;1;;Vishay;Résistance CMS 0402;R110;68R;;1%;
619-1001;1;;Vishay;Résistance CMS 0402;R111;1.1k;;1%;
619-0000;1;;Vishay;Résistance CMS 0402;R112;0R;;1%;
619-0120;1;;Vishay;Résistance CMS 0402;R113;120R;;1%;
619-2000;1;;Vishay;Résistance CMS 0402;R114;100k;;1%;
619-0068;1;;Vishay;Résistance CMS 0402;R115;68R;;1%;
619-0680;1;;Vishay;Résistance CMS 0402;R116;680R;;1%;
619-1220;1;;Vishay;Résistance CMS 0402;R117;22k;;1%;
619-1005;1;;Vishay;Résistance CMS 0402;R118;1.5k;;1%;
619-1470;1;;Vishay;Résistance CMS 0402;R119;47k;;1%;
619-0012;1;;Vishay;Résistance CMS 0402;R120;12R;;1%;
619-0120;1;;Vishay;Résistance CMS 0402;R121;120R;;1%;
619-0000;1;;Vishay;Résistance CMS 0402;R122;0R;;1%;
619-1470;1;;Vishay;Résistance CMS 0402;R123;47k;;1%;
619-0000;1;;Vishay;Résistance CMS 0402;R124;0R;;1%;
619-3000;1;;Vishay;Résistance CMS 0402;R125;1M;;1%;
619-0012;1;;Vishay;Résistance CMS 0402;R126;12R;;1%;
619-0027;1;;Vishay;Résistance CMS 0402;R127;27R;;1%;
619-1000;1;;Vishay;Résistance CMS 0402;R128;1k;;1%;
619-1047;1;;Vishay;Résistance CMS 0402;R129;4.7k;;1%;
619-0068;1;;Vishay;Résistance CMS 0402;R130;68R;;1%;
619-0022;1;;Vishay;Résistance CMS 0402;R131;22R;;1%;
619-0000;1;;Vishay;Résistance CMS 0402;R132;0R;;1%;
619-0820;1;;Vishay;Résistance CMS 0402;R133;820R;;1%;
619-1000;1;;Vishay;Résistance CMS 0402;R134;1k;;1%;
619-0100;1;;Vishay;Résistance CMS 0402;R135;100R;;1%;
619-0015;1;;Vishay;Résistance CMS 0402;R136;15R;;1%;
619-0470;1;;Vishay;Résistance CMS 0402;R137;470R;;1%;
619-0000;1;;Vishay;Résistance CMS 0402;R138;0R;;1%;
619-0000;1;;Vishay;Résistance CMS 0402;R139;0R;;1%;
619-0000;1;;Vishay;Résistance CMS 0402;R140;0R;;1%;
619-0000;1;;Vishay;Résistance CMS 0402;R141;0R;;1%;
619-0022;1;;Vishay;Résistance CMS 0402;R142;22R;;1%;
619-0068;1;;Vishay;Résistance CMS 0402;R143;68R;;1%;
619-0000;1;;Vishay;Résistance CMS 0402;R144;0R;;1%;
619-1120;1;;Vishay;Résistance CMS 0402;R145;12k;;1%;
619-0820;1;;Vishay;Résistance CMS 0402;R146;820R;;1%;
619-0100;1;;Vishay;Résistance CMS 0402;R147;100R;;1%;
619-0033;1;;Vishay;Résistance CMS 0402;R148;33R;;1%;
619-0068;1;;Vishay;Résistance CMS 0402;R149;68R;;1%;
619-0027;1;;Vishay;Résistance CMS 0402;R150;27R;;1%;
619-2000;1;;Vishay;Résistance CMS 0402;R151;100k;;1%;
250-0112;1;MicroSMD010F-2;Raychem;Fusible PolySwitch;R152;100mA;;;
619-0033;1;;Vishay;Résistance CMS 0402;R153;33R;;1%;
619-0068;1;;Vishay;Résistance CMS 0402;R154;68R;;1%;
619-0022;1;;Vishay;Résistance CMS 0402;R155;22R;;1%;
619-0000;1;;Vishay;Résistance CMS 0402;R156;0R;;1%;
619-0120;1;;Vishay;Résistance CMS 0402;R157;120R;;1%;
619-1000;1;;Vishay;Résistance CMS 0402;R158;1k;;1%;
619-1047;1;;Vishay;Résistance CMS 0402;R159;4.7k;;1%;
619-0068;1;;Vishay;Résistance CMS 0402;R160;68R;;1%;
619-0022;1;;Vishay;Résistance CMS 0402;R161;22R;;1%;
619-1120;1;;Vishay;Résistance CMS 0402;R162;12k;;1%;
619-0120;1;;Vishay;Résistance CMS 0402;R163;120R;;1%;
619-1000;1;;Vishay;Résistance CMS 0402;R164;1k;;1%;
619-0100;1;;Vishay;Résistance CMS 0402;R165;100R;;1%;
619-1150;1;;Vishay;Résistance CMS 0402;R166;15k;;1%;
619-1120;1;;Vishay;Résistance CMS 0402;R167;12k;;1%;
619-0027;1;;Vishay;Résistance CMS 0402;R168;27R;;1%;
619-0820;1;;Vishay;Résistance CMS 0402;R169;820R;;1%;
615-0047;1;;Vishay;Résistance CMS 0603;R170;4.7R;;1%;
619-1510;1;;Vishay;Résistance CMS 0402;R171;51k;;1%;
619-0022;1;;Vishay;Résistance CMS 0402;R172;22R;;1%;
615-0047;1;;Vishay;Résistance CMS 0603;R173;4.7R;;1%;
619-0470;1;;Vishay;Résistance CMS 0402;R174;470R;;1%;
619-1022;1;;Vishay;Résistance CMS 0402;R175;2.2k;;1%;
619-1510;1;;Vishay;Résistance CMS 0402;R176;51k;;1%;
619-0022;1;;Vishay;Résistance CMS 0402;R177;22R;;1%;
619-0022;1;;Vishay;Résistance CMS 0402;R178;22R;;1%;
619-0022;1;;Vishay;Résistance CMS 0402;R179;22R;;1%;
619-1047;1;;Vishay;Résistance CMS 0402;R180;4.7k;;1%;
619-1047;1;;Vishay;Résistance CMS 0402;R181;4.7k;;1%;
619-1022;1;;Vishay;Résistance CMS 0402;R182;2.2k;;1%;
619-1047;1;;Vishay;Résistance CMS 0402;R183;4.7k;;1%;
619-0022;1;;Vishay;Résistance CMS 0402;R184;22R;;1%;
619-1330;1;;Vishay;Résistance CMS 0402;R185;33k;;1%;
619-0022;1;;Vishay;Résistance CMS 0402;R186;22R;;1%;
619-0022;1;;Vishay;Résistance CMS 0402;R187;22R;;1%;
619-0068;1;;Vishay;Résistance CMS 0402;R188;68R;;1%;
619-1390;1;;Vishay;Résistance CMS 0402;R189;39k;;1%;
619-1510;1;;Vishay;Résistance CMS 0402;R190;51k;;1%;
619-0022;1;;Vishay;Résistance CMS 0402;R191;22R;;1%;
619-0000;1;;Vishay;Résistance CMS 0402;R192;0R;;1%;
619-0022;1;;Vishay;Résistance CMS 0402;R193;22R;;1%;
619-1047;1;;Vishay;Résistance CMS 0402;R194;4.7k;;1%;
619-1510;1;;Vishay;Résistance CMS 0402;R195;51k;;1%;
619-0022;1;;Vishay;Résistance CMS 0402;R196;22R;;1%;
619-0015;1;;Vishay;Résistance CMS 0402;R197;15R;;1%;
619-0022;1;;Vishay;Résistance CMS 0402;R198;22R;;1%;
619-0220;1;;Vishay;Résistance CMS 0402;R199;220R;;1%;
619-0015;1;;Vishay;Résistance CMS 0402;R200;15R;;1%;
619-0068;1;;Vishay;Résistance CMS 0402;R201;68R;;1%;
619-1001;1;;Vishay;Résistance CMS 0402;R202;1.1k;;1%;
619-0068;1;;Vishay;Résistance CMS 0402;R203;68R;;1%;
619-0680;1;;Vishay;Résistance CMS 0402;R204;680R;;1%;
619-1220;1;;Vishay;Résistance CMS 0402;R205;22k;;1%;
619-1005;1;;Vishay;Résistance CMS 0402;R206;1.5k;;1%;
619-1470;1;;Vishay;Résistance CMS 0402;R207;47k;;1%;
619-0012;1;;Vishay;Résistance CMS 0402;R208;12R;;1%;
619-0000;1;;Vishay;Résistance CMS 0402;R209;0R;;1%;
619-1470;1;;Vishay;Résistance CMS 0402;R210;47k;;1%;
619-0000;1;;Vishay;Résistance CMS 0402;R211;0R;;1%;
619-3000;1;;Vishay;Résistance CMS 0402;R212;1M;;1%;
619-0012;1;;Vishay;Résistance CMS 0402;R213;12R;;1%;
619-1510;1;;Vishay;Résistance CMS 0402;R214;51k;;1%;
619-0022;1;;Vishay;Résistance CMS 0402;R215;22R;;1%;
619-0068;1;;Vishay;Résistance CMS 0402;R216;68R;;1%;
619-0022;1;;Vishay;Résistance CMS 0402;R217;22R;;1%;
619-0000;1;;Vishay;Résistance CMS 0402;R218;0R;;1%;
619-1510;1;;Vishay;Résistance CMS 0402;R219;51k;;1%;
619-0022;1;;Vishay;Résistance CMS 0402;R220;22R;;1%;
619-0033;1;;Vishay;Résistance CMS 0402;R221;33R;;1%;
619-0015;1;;Vishay;Résistance CMS 0402;R222;15R;;1%;
619-0470;1;;Vishay;Résistance CMS 0402;R223;470R;;1%;
619-0000;1;;Vishay;Résistance CMS 0402;R224;0R;;1%;
619-0000;1;;Vishay;Résistance CMS 0402;R225;0R;;1%;
619-1047;1;;Vishay;Résistance CMS 0402;R226;4.7k;;1%;
619-0022;1;;Vishay;Résistance CMS 0402;R227;22R;;1%;
619-0000;1;;Vishay;Résistance CMS 0402;R228;0R;;1%;
SANS;1;;Vishay;Résistance CMS 0402;R229;NC;;1%;
250-0112;1;MicroSMD010F-2;Raychem;Fusible PolySwitch;R230;100mA;;;
619-0033;1;;Vishay;Résistance CMS 0402;R231;33R;;1%;
619-1150;1;;Vishay;Résistance CMS 0402;R232;15k;;1%;
619-0000;1;;Vishay;Résistance CMS 0402;R233;0R;;1%;
619-0022;1;;Vishay;Résistance CMS 0402;R234;22R;;1%;
619-0068;1;;Vishay;Résistance CMS 0402;R235;68R;;1%;
619-0000;1;;Vishay;Résistance CMS 0402;R236;0R;;1%;
619-1047;1;;Vishay;Résistance CMS 0402;R237;4.7k;;1%;
619-0022;1;;Vishay;Résistance CMS 0402;R238;22R;;1%;
619-0068;1;;Vishay;Résistance CMS 0402;R239;68R;;1%;
619-1510;1;;Vishay;Résistance CMS 0402;R240;51k;;1%;
619-0022;1;;Vishay;Résistance CMS 0402;R241;22R;;1%;
619-0120;1;;Vishay;Résistance CMS 0402;R242;120R;;1%;
619-0068;1;;Vishay;Résistance CMS 0402;R243;68R;;1%;
619-0022;1;;Vishay;Résistance CMS 0402;R244;22R;;1%;
619-0000;1;;Vishay;Résistance CMS 0402;R245;0R;;1%;
619-1022;1;;Vishay;Résistance CMS 0402;R246;2.2k;;1%;
619-0390;1;;Vishay;Résistance CMS 0402;R247;390R;;1%;
619-1510;1;;Vishay;Résistance CMS 0402;R248;51k;;1%;
619-0022;1;;Vishay;Résistance CMS 0402;R249;22R;;1%;
619-0120;1;;Vishay;Résistance CMS 0402;R250;120R;;1%;
619-0068;1;;Vishay;Résistance CMS 0402;R251;68R;;1%;
619-0022;1;;Vishay;Résistance CMS 0402;R252;22R;;1%;
619-0000;1;;Vishay;Résistance CMS 0402;R253;0R;;1%;
619-0120;1;;Vishay;Résistance CMS 0402;R254;120R;;1%;
402-0476;1;BCN104AB103J;BI Technologies;Réseau résistif boitier 0804;R255;10k;;;
619-0120;1;;Vishay;Résistance CMS 0402;R256;120R;;1%;
615-0047;1;;Vishay;Résistance CMS 0603;R257;4.7R;;1%;
615-0000;1;;Vishay;Résistance CMS 0603;R258;0R;;1%;
640-0220;1;;Vishay;Résistance CMS 0402;R259;220R;;0.1%-25ppm/°C;
640-1210;1;;Vishay;Résistance CMS 0402;R260;1.21k;;0.1%-25ppm/°C;
619-1047;1;;Vishay;Résistance CMS 0402;R261;4.7k;;1%;
615-1000;1;;Vishay;Résistance CMS 0603;R262;100R;;1%;
619-0000;1;;Vishay;Résistance CMS 0402;R263;0R;;1%;
640-0220;1;;Vishay;Résistance CMS 0402;R264;220R;;0.1%-25ppm/°C;
640-0220;1;;Vishay;Résistance CMS 0402;R265;220R;;0.1%-25ppm/°C;
640-0220;1;;Vishay;Résistance CMS 0402;R266;220R;;0.1%-25ppm/°C;
619-1047;1;;Vishay;Résistance CMS 0402;R267;4.7k;;1%;
619-1100;1;;Vishay;Résistance CMS 0402;R268;10k;;1%;
630-0330;1;;Vishay;Résistance CMS 0603;R269;33R;;0.1%-25ppm/°C;Farnell : 432945
619-1047;1;;Vishay;Résistance CMS 0402;R270;4.7k;;1%;
619-1100;1;;Vishay;Résistance CMS 0402;R271;10k;;1%;
619-1082;1;;Vishay;Résistance CMS 0402;R272;8.2k;;1%;
619-0022;1;;Vishay;Résistance CMS 0402;R273;22R;;1%;
619-0000;1;;Vishay;Résistance CMS 0402;R274;0R;;1%;
619-0000;1;;Vishay;Résistance CMS 0402;R275;0R;;1%;
619-1510;1;;Vishay;Résistance CMS 0402;R276;51k;;1%;
619-0022;1;;Vishay;Résistance CMS 0402;R277;22R;;1%;
SANS;1;;Vishay;CMS Resistance 0603;R278;NC;;1%;
615-0000;1;;Vishay;Résistance CMS 0603;R279;0R;;1%;
615-0000;1;;Vishay;Résistance CMS 0603;R280;0R;;1%;
619-0022;1;;Vishay;Résistance CMS 0402;R281;22R;;1%;
619-1100;1;;Vishay;Résistance CMS 0402;R282;10k;;1%;
619-1100;1;;Vishay;Résistance CMS 0402;R283;10k;;1%;
619-0012;1;;Vishay;Résistance CMS 0402;R284;12R;;1%;
619-0022;1;;Vishay;Résistance CMS 0402;R285;22R;;1%;
619-1100;1;;Vishay;Résistance CMS 0402;R286;10k;;1%;
619-0012;1;;Vishay;Résistance CMS 0402;R287;12R;;1%;
619-0022;1;;Vishay;Résistance CMS 0402;R288;22R;;1%;
619-1047;1;;Vishay;Résistance CMS 0402;R289;4.7k;;1%;
619-0022;1;;Vishay;Résistance CMS 0402;R290;22R;;1%;
619-0049;1;;Vishay;Résistance CMS 0402;R291;49.9R;;1%;
619-0000;1;;Vishay;Résistance CMS 0402;R292;0R;;1%;
619-1100;1;;Vishay;Résistance CMS 0402;R293;10k;;1%;
619-1100;1;;Vishay;Résistance CMS 0402;R294;10k;;1%;
619-0022;1;;Vishay;Résistance CMS 0402;R295;22R;;1%;
619-0049;1;;Vishay;Résistance CMS 0402;R296;49.9R;;1%;
619-1100;1;;Vishay;Résistance CMS 0402;R297;10k;;1%;
619-0022;1;;Vishay;Résistance CMS 0402;R298;22R;;1%;
619-0022;1;;Vishay;Résistance CMS 0402;R299;22R;;1%;
619-0010;1;;Vishay;Résistance CMS 0402;R300;10R;;1%;
619-1100;1;;Vishay;Résistance CMS 0402;R301;10k;;1%;
619-0820;1;;Vishay;Résistance CMS 0402;R302;820R;;1%;
619-1510;1;;Vishay;Résistance CMS 0402;R303;51k;;1%;
619-0470;1;;Vishay;Résistance CMS 0402;R304;470R;;1%;
619-0470;1;;Vishay;Résistance CMS 0402;R305;470R;;1%;
619-0470;1;;Vishay;Résistance CMS 0402;R306;470R;;1%;
619-0470;1;;Vishay;Résistance CMS 0402;R307;470R;;1%;
619-0000;1;;Vishay;Résistance CMS 0402;R308;0R;;1%;
619-1022;1;;Vishay;Résistance CMS 0402;R309;2.2k;;1%;
619-0000;1;;Vishay;Résistance CMS 0402;R310;0R;;1%;
619-0820;1;;Vishay;Résistance CMS 0402;R311;820R;;1%;
619-1510;1;;Vishay;Résistance CMS 0402;R312;51k;;1%;
619-0820;1;;Vishay;Résistance CMS 0402;R313;820R;;1%;
619-1047;1;;Vishay;Résistance CMS 0402;R314;4.7k;;1%;
250-0112;1;MicroSMD010F-2;Raychem;Fusible PolySwitch;R315;100mA;;;
402-0474;1;BCN104AB220J;BI Technologies;Réseau résistif boitier 0804;R316;22R;;;
619-0820;1;;Vishay;Résistance CMS 0402;R317;820R;;1%;
619-0000;1;;Vishay;Résistance CMS 0402;R318;0R;;1%;
619-0100;1;;Vishay;Résistance CMS 0402;R319;100R;;1%;
619-0049;1;;Vishay;Résistance CMS 0402;R320;49.9R;;1%;
619-0000;1;;Vishay;Résistance CMS 0402;R321;0R;;1%;
619-1100;1;;Vishay;Résistance CMS 0402;R322;10k;;1%;
615-0047;1;;Vishay;Résistance CMS 0603;R323;4.7R;;1%;
615-0000;1;;Vishay;Résistance CMS 0603;R324;0R;;1%;
640-0220;1;;Vishay;Résistance CMS 0402;R325;220R;;0.1%-25ppm/°C;
640-1210;1;;Vishay;Résistance CMS 0402;R326;1.21k;;0.1%-25ppm/°C;
619-0330;1;;Vishay;Résistance CMS 0402;R327;330R;;1%;
619-0049;1;;Vishay;Résistance CMS 0402;R328;49.9R;;1%;
619-1100;1;;Vishay;Résistance CMS 0402;R329;10k;;1%;
619-0000;1;;Vishay;Résistance CMS 0402;R330;0R;;1%;
640-0220;1;;Vishay;Résistance CMS 0402;R331;220R;;0.1%-25ppm/°C;
640-0220;1;;Vishay;Résistance CMS 0402;R332;220R;;0.1%-25ppm/°C;
402-0474;1;BCN104AB220J;BI Technologies;Réseau résistif boitier 0804;R333;22R;;;
619-0010;1;;Vishay;Résistance CMS 0402;R334;10R;;1%;
615-1000;1;;Vishay;Résistance CMS 0603;R335;100R;;1%;
640-0220;1;;Vishay;Résistance CMS 0402;R336;220R;;0.1%-25ppm/°C;
619-0330;1;;Vishay;Résistance CMS 0402;R337;330R;;1%;
619-0470;1;;Vishay;Résistance CMS 0402;R338;470R;;1%;
619-0470;1;;Vishay;Résistance CMS 0402;R339;470R;;1%;
619-0470;1;;Vishay;Résistance CMS 0402;R340;470R;;1%;
619-0470;1;;Vishay;Résistance CMS 0402;R341;470R;;1%;
619-0000;1;;Vishay;Résistance CMS 0402;R342;0R;;1%;
619-1100;1;;Vishay;Résistance CMS 0402;R343;10k;;1%;
630-0330;1;;Vishay;Résistance CMS 0603;R344;33R;;0.1%-25ppm/°C;Farnell : 432945
619-1100;1;;Vishay;Résistance CMS 0402;R345;10k;;1%;
619-1082;1;;Vishay;Résistance CMS 0402;R346;8.2k;;1%;
619-0022;1;;Vishay;Résistance CMS 0402;R347;22R;;1%;
619-0000;1;;Vishay;Résistance CMS 0402;R348;0R;;1%;
619-0000;1;;Vishay;Résistance CMS 0402;R349;0R;;1%;
619-0022;1;;Vishay;Résistance CMS 0402;R350;22R;;1%;
619-0000;1;;Vishay;Résistance CMS 0402;R351;0R;;1%;
619-1047;1;;Vishay;Résistance CMS 0402;R352;4.7k;;1%;
619-0022;1;;Vishay;Résistance CMS 0402;R353;22R;;1%;
619-0022;1;;Vishay;Résistance CMS 0402;R354;22R;;1%;
619-0100;1;;Vishay;Résistance CMS 0402;R355;100R;;1%;
619-1047;1;;Vishay;Résistance CMS 0402;R356;4.7k;;1%;
619-1510;1;;Vishay;Résistance CMS 0402;R357;51k;;1%;
619-0022;1;;Vishay;Résistance CMS 0402;R358;22R;;1%;
619-0330;1;;Vishay;Résistance CMS 0402;R359;330R;;1%;
402-0474;1;BCN104AB220J;BI Technologies;Réseau résistif boitier 0804;R360;22R;;;
619-0022;1;;Vishay;Résistance CMS 0402;R361;22R;;1%;
619-0330;1;;Vishay;Résistance CMS 0402;R362;330R;;1%;
619-1100;1;;Vishay;Résistance CMS 0402;R363;10k;;1%;
619-1100;1;;Vishay;Résistance CMS 0402;R364;10k;;1%;
619-0012;1;;Vishay;Résistance CMS 0402;R365;12R;;1%;
619-0022;1;;Vishay;Résistance CMS 0402;R366;22R;;1%;
619-1100;1;;Vishay;Résistance CMS 0402;R367;10k;;1%;
619-0012;1;;Vishay;Résistance CMS 0402;R368;12R;;1%;
619-0022;1;;Vishay;Résistance CMS 0402;R369;22R;;1%;
619-1047;1;;Vishay;Résistance CMS 0402;R370;4.7k;;1%;
619-0022;1;;Vishay;Résistance CMS 0402;R371;22R;;1%;
619-1100;1;;Vishay;Résistance CMS 0402;R372;10k;;1%;
619-0022;1;;Vishay;Résistance CMS 0402;R373;22R;;1%;
619-0022;1;;Vishay;Résistance CMS 0402;R374;22R;;1%;
619-1100;1;;Vishay;Résistance CMS 0402;R375;10k;;1%;
619-0820;1;;Vishay;Résistance CMS 0402;R376;820R;;1%;
619-1510;1;;Vishay;Résistance CMS 0402;R377;51k;;1%;
619-0000;1;;Vishay;Résistance CMS 0402;R378;0R;;1%;
619-0100;1;;Vishay;Résistance CMS 0402;R379;100R;;1%;
619-1047;1;;Vishay;Résistance CMS 0402;R380;4.7k;;1%;
619-0330;1;;Vishay;Résistance CMS 0402;R381;330R;;1%;
619-0820;1;;Vishay;Résistance CMS 0402;R382;820R;;1%;
619-1510;1;;Vishay;Résistance CMS 0402;R383;51k;;1%;
250-0112;1;MicroSMD010F-2;Raychem;Fusible PolySwitch;R384;100mA;;;
619-0820;1;;Vishay;Résistance CMS 0402;R385;820R;;1%;
619-0820;1;;Vishay;Résistance CMS 0402;R386;820R;;1%;
619-1047;1;;Vishay;Résistance CMS 0402;R387;4.7k;;1%;
619-0000;1;;Vishay;Résistance CMS 0402;R388;0R;;1%;
619-0330;1;;Vishay;Résistance CMS 0402;R389;330R;;1%;
615-0047;1;;Vishay;Résistance CMS 0603;R390;4.7R;;1%;
615-0000;1;;Vishay;Résistance CMS 0603;R391;0R;;1%;
640-0220;1;;Vishay;Résistance CMS 0402;R392;220R;;0.1%-25ppm/°C;
640-1210;1;;Vishay;Résistance CMS 0402;R393;1.21k;;0.1%-25ppm/°C;
619-1022;1;;Vishay;Résistance CMS 0402;R394;2.2k;;1%;
619-1047;1;;Vishay;Résistance CMS 0402;R395;4.7k;;1%;
615-1000;1;;Vishay;Résistance CMS 0603;R396;100R;;1%;
619-0000;1;;Vishay;Résistance CMS 0402;R397;0R;;1%;
640-0220;1;;Vishay;Résistance CMS 0402;R398;220R;;0.1%-25ppm/°C;
640-0220;1;;Vishay;Résistance CMS 0402;R399;220R;;0.1%-25ppm/°C;
402-0474;1;BCN104AB220J;BI Technologies;Réseau résistif boitier 0804;R400;22R;;;
640-0220;1;;Vishay;Résistance CMS 0402;R401;220R;;0.1%-25ppm/°C;
619-0022;1;;Vishay;Résistance CMS 0402;R402;22R;;1%;
619-1100;1;;Vishay;Résistance CMS 0402;R403;10k;;1%;
630-0330;1;;Vishay;Résistance CMS 0603;R404;33R;;0.1%-25ppm/°C;Farnell : 432945
619-0022;1;;Vishay;Résistance CMS 0402;R405;22R;;1%;
619-1047;1;;Vishay;Résistance CMS 0402;R406;4.7k;;1%;
619-1082;1;;Vishay;Résistance CMS 0402;R407;8.2k;;1%;
619-0000;1;;Vishay;Résistance CMS 0402;R408;0R;;1%;
619-0000;1;;Vishay;Résistance CMS 0402;R409;0R;;1%;
619-0022;1;;Vishay;Résistance CMS 0402;R410;22R;;1%;
402-0474;1;BCN104AB220J;BI Technologies;Réseau résistif boitier 0804;R411;22R;;;
402-0474;1;BCN104AB220J;BI Technologies;Réseau résistif boitier 0804;R412;22R;;;
619-1100;1;;Vishay;Résistance CMS 0402;R413;10k;;1%;
619-0022;1;;Vishay;Résistance CMS 0402;R414;22R;;1%;
619-0022;1;;Vishay;Résistance CMS 0402;R415;22R;;1%;
619-0049;1;;Vishay;Résistance CMS 0402;R416;49.9R;;1%;
619-0620;1;;Vishay;Résistance CMS 0402;R417;620R;;1%;
619-0022;1;;Vishay;Résistance CMS 0402;R418;22R;;1%;
619-0049;1;;Vishay;Résistance CMS 0402;R419;49.9R;;1%;
619-1510;1;;Vishay;Résistance CMS 0402;R420;51k;;1%;
619-0022;1;;Vishay;Résistance CMS 0402;R421;22R;;1%;
615-0000;1;;Vishay;Résistance CMS 0603;R422;0R;;1%;
619-1100;1;;Vishay;Résistance CMS 0402;R423;10k;;1%;
619-0012;1;;Vishay;Résistance CMS 0402;R424;12R;;1%;
402-0475;1;BCN104AB472J;BI Technologies;Réseau résistif boitier 0804;R425;4.7k;;;
619-0000;1;;Vishay;Résistance CMS 0402;R426;0R;;1%;
619-1100;1;;Vishay;Résistance CMS 0402;R427;10k;;1%;
619-0012;1;;Vishay;Résistance CMS 0402;R428;12R;;1%;
619-0022;1;;Vishay;Résistance CMS 0402;R429;22R;;1%;
619-1047;1;;Vishay;Résistance CMS 0402;R430;4.7k;;1%;
619-0000;1;;Vishay;Résistance CMS 0402;R431;0R;;1%;
619-1100;1;;Vishay;Résistance CMS 0402;R432;10k;;1%;
402-0475;1;BCN104AB472J;BI Technologies;Réseau résistif boitier 0804;R433;4.7k;;;
619-0022;1;;Vishay;Résistance CMS 0402;R434;22R;;1%;
619-1100;1;;Vishay;Résistance CMS 0402;R435;10k;;1%;
619-0022;1;;Vishay;Résistance CMS 0402;R436;22R;;1%;
SANS;1;;Vishay;Résistance CMS 0402;R437;NC;;1%;
619-1100;1;;Vishay;Résistance CMS 0402;R438;10k;;1%;
619-1100;1;;Vishay;Résistance CMS 0402;R439;10k;;1%;
619-0820;1;;Vishay;Résistance CMS 0402;R440;820R;;1%;
619-1510;1;;Vishay;Résistance CMS 0402;R441;51k;;1%;
619-0000;1;;Vishay;Résistance CMS 0402;R442;0R;;1%;
250-0112;1;MicroSMD010F-2;Raychem;Fusible PolySwitch;R443;100mA;;;
619-0000;1;;Vishay;Résistance CMS 0402;R444;0R;;1%;
619-1100;1;;Vishay;Résistance CMS 0402;R445;10k;;1%;
619-0010;1;;Vishay;Résistance CMS 0402;R446;10R;;1%;
619-0820;1;;Vishay;Résistance CMS 0402;R447;820R;;1%;
619-1510;1;;Vishay;Résistance CMS 0402;R448;51k;;1%;
402-0476;1;BCN104AB103J;BI Technologies;Réseau résistif boitier 0804;R449;10k;;;
619-0120;1;;Vishay;Résistance CMS 0402;R450;120R;;1%;
619-0470;1;;Vishay;Résistance CMS 0402;R451;470R;;1%;
619-0470;1;;Vishay;Résistance CMS 0402;R452;470R;;1%;
619-0470;1;;Vishay;Résistance CMS 0402;R453;470R;;1%;
619-0470;1;;Vishay;Résistance CMS 0402;R454;470R;;1%;
619-0820;1;;Vishay;Résistance CMS 0402;R455;820R;;1%;
619-1047;1;;Vishay;Résistance CMS 0402;R456;4.7k;;1%;
619-0120;1;;Vishay;Résistance CMS 0402;R457;120R;;1%;
619-0820;1;;Vishay;Résistance CMS 0402;R458;820R;;1%;
619-0120;1;;Vishay;Résistance CMS 0402;R459;120R;;1%;
446-1060;1;SN74LVC1T45DBV;Texas Instruments;Buffer bidirectionnel;U1;;;;
331-0228;1;LT1970CFE#PBF;Linear Technology;Ampli op 500mA avec limitation de courant;U2;;;;
446-1060;1;SN74LVC1T45DBV;Texas Instruments;Buffer bidirectionnel;U3;;;;
315-0390;1;ADG408BRZ;Analog Devices;Multiplexeur Analogique 8 voies;U4;;;;
446-1060;1;SN74LVC1T45DBV;Texas Instruments;Buffer bidirectionnel;U5;;;;
446-1060;1;SN74LVC1T45DBV;Texas Instruments;Buffer bidirectionnel;U6;;;;
446-1060;1;SN74LVC1T45DBV;Texas Instruments;Buffer bidirectionnel;U7;;;;
331-0211;1;LM7171AIM/NOPB;National Semiconductor;Ampli op, haute vitesse, fort courant de sortie;U8;;;;
446-1060;1;SN74LVC1T45DBV;Texas Instruments;Buffer bidirectionnel;U9;;;;
285-0134;1;MAX4648EUT+T;Maxim;Switch analogique SPST;U10;;;;
285-0134;1;MAX4648EUT+T;Maxim;Switch analogique SPST;U11;;;;
290-0030;1;DAC7554IDGS;Texas Instruments;Quadruple DAC 12 bits;U12;;;;
446-1060;1;SN74LVC1T45DBV;Texas Instruments;Buffer bidirectionnel;U13;;;;
140-0215;1;AD8055ARZ;Analog Devices;Low Cost, 300MHz Voltage Feedback Amplifier;U14;;;;
446-1060;1;SN74LVC1T45DBV;Texas Instruments;Buffer bidirectionnel;U15;;;;
331-0246;1;LT1354CS8;Linear Technology;Ampli Opérationel 12MHz - 400V/µs;U16;;;;
285-0133;1;MAX4659EUA+;Maxim;Switch analogique SPDT;U17;;;;
446-1060;1;SN74LVC1T45DBV;Texas Instruments;Buffer bidirectionnel;U18;;;;
446-1060;1;SN74LVC1T45DBV;Texas Instruments;Buffer bidirectionnel;U19;;;;
140-0215;1;AD8055ARZ;Analog Devices;Low Cost, 300MHz Voltage Feedback Amplifier;U20;;;;
140-0212;1;AD9762ARUZ;Analog Devices;12 Bit, 100MSPS+, TxDAC Compatible D/A Converter;U21;;;;
140-0215;1;AD8055ARZ;Analog Devices;Low Cost, 300MHz Voltage Feedback Amplifier;U22;;;;
331-0228;1;LT1970CFE#PBF;Linear Technology;Ampli op 500mA avec limitation de courant;U23;;;;
285-0133;1;MAX4659EUA+;Maxim;Switch analogique SPDT;U24;;;;
331-0230;1;LT1719IS8#PBF;Linear Technology;Comparateur 3-5V rail to rail;U25;;;;
315-0390;1;ADG408BRZ;Analog Devices;Multiplexeur Analogique 8 voies;U26;;;;
446-1060;1;SN74LVC1T45DBV;Texas Instruments;Buffer bidirectionnel;U27;;;;
446-1060;1;SN74LVC1T45DBV;Texas Instruments;Buffer bidirectionnel;U28;;;;
331-0211;1;LM7171AIM/NOPB;National Semiconductor;Ampli op, haute vitesse, fort courant de sortie;U29;;;;
140-0215;1;AD8055ARZ;Analog Devices;Low Cost, 300MHz Voltage Feedback Amplifier;U30;;;;
446-1060;1;SN74LVC1T45DBV;Texas Instruments;Buffer bidirectionnel;U31;;;;
331-0230;1;LT1719IS8#PBF;Linear Technology;Comparateur 3-5V rail to rail;U32;;;;
285-0134;1;MAX4648EUT+T;Maxim;Switch analogique SPST;U33;;;;
285-0134;1;MAX4648EUT+T;Maxim;Switch analogique SPST;U34;;;;
290-0030;1;DAC7554IDGS;Texas Instruments;Quadruple DAC 12 bits;U35;;;;
446-1060;1;SN74LVC1T45DBV;Texas Instruments;Buffer bidirectionnel;U36;;;;
446-1060;1;SN74LVC1T45DBV;Texas Instruments;Buffer bidirectionnel;U37;;;;
331-0246;1;LT1354CS8;Linear Technology;Ampli Opérationel 12MHz - 400V/µs;U38;;;;
135-0132;1;ISP1760BE;Philips;Contrôleur HOST USB 2.0;U39;;;;
446-1060;1;SN74LVC1T45DBV;Texas Instruments;Buffer bidirectionnel;U40;;;;
140-0215;1;AD8055ARZ;Analog Devices;Low Cost, 300MHz Voltage Feedback Amplifier;U41;;;;
331-0230;1;LT1719IS8#PBF;Linear Technology;Comparateur 3-5V rail to rail;U42;;;;
331-0228;1;LT1970CFE#PBF;Linear Technology;Ampli op 500mA avec limitation de courant;U43;;;;
446-1060;1;SN74LVC1T45DBV;Texas Instruments;Buffer bidirectionnel;U44;;;;
330-0387;1;24LC64I/SNG;Microchip;EEPROM I2C 64K;U45;;;;
315-0390;1;ADG408BRZ;Analog Devices;Multiplexeur Analogique 8 voies;U46;;;;
446-1060;1;SN74LVC1T45DBV;Texas Instruments;Buffer bidirectionnel;U47;;;;
446-1060;1;SN74LVC1T45DBV;Texas Instruments;Buffer bidirectionnel;U48;;;;
446-1060;1;SN74LVC1T45DBV;Texas Instruments;Buffer bidirectionnel;U49;;;;
330-0460;1;ZR40401F50;Zetex;Tension de référence de précision;U50;5V;;;
331-0211;1;LM7171AIM/NOPB;National Semiconductor;Ampli op, haute vitesse, fort courant de sortie;U51;;;;
446-1060;1;SN74LVC1T45DBV;Texas Instruments;Buffer bidirectionnel;U52;;;;
285-0134;1;MAX4648EUT+T;Maxim;Switch analogique SPST;U53;;;;
285-0134;1;MAX4648EUT+T;Maxim;Switch analogique SPST;U54;;;;
290-0030;1;DAC7554IDGS;Texas Instruments;Quadruple DAC 12 bits;U55;;;;
446-1060;1;SN74LVC1T45DBV;Texas Instruments;Buffer bidirectionnel;U56;;;;
446-1060;1;SN74LVC1T45DBV;Texas Instruments;Buffer bidirectionnel;U57;;;;
331-0246;1;LT1354CS8;Linear Technology;Ampli Opérationel 12MHz - 400V/µs;U58;;;;
140-0215;1;AD8055ARZ;Analog Devices;Low Cost, 300MHz Voltage Feedback Amplifier;U59;;;;
446-1060;1;SN74LVC1T45DBV;Texas Instruments;Buffer bidirectionnel;U60;;;;
285-0133;1;MAX4659EUA+;Maxim;Switch analogique SPDT;U61;;;;
140-0371;1;AD8130ARMZ;Analog Devices;Amplificateur différentiel haute vitesse;U62;;;;
140-0440;1;AD8066ARZ;Analog Devices;Double Op -145 MHz- FastFet;U63;;;;
331-0232;1;LT1880CS5#PBF;Linear Technology;Ampli opérationel de précision;U64;;;;
285-0133;1;MAX4659EUA+;Maxim;Switch analogique SPDT;U65;;;;
285-0134;1;MAX4648EUT+T;Maxim;Switch analogique SPST;U66;;;;
331-0239;1;LT1959IS8#PBF;Linear Technology;Régulateur à découpage 4.5 A, 500 kHz;U67;;;;
446-1060;1;SN74LVC1T45DBV;Texas Instruments;Buffer bidirectionnel;U68;;;;
285-0134;1;MAX4648EUT+T;Maxim;Switch analogique SPST;U69;;;;
285-0134;1;MAX4648EUT+T;Maxim;Switch analogique SPST;U70;;;;
285-0134;1;MAX4648EUT+T;Maxim;Switch analogique SPST;U71;;;;
315-0390;1;ADG408BRZ;Analog Devices;Multiplexeur Analogique 8 voies;U72;;;;
285-0134;1;MAX4648EUT+T;Maxim;Switch analogique SPST;U73;;;;
285-0134;1;MAX4648EUT+T;Maxim;Switch analogique SPST;U74;;;;
140-0450;1;AD8137YRZ;Analog Devices;Amplificateur différentiel haute vitesse Low power;U75;;;;
285-0134;1;MAX4648EUT+T;Maxim;Switch analogique SPST;U76;;;;
285-0134;1;MAX4648EUT+T;Maxim;Switch analogique SPST;U77;;;;
140-0291;1;AD9214BRSZ-65;Analog Devices;ADC 10 bits, 65 MSPS, 3.3V;U78;;;;
331-0223;1;LT1112S8#PBF;Linear Technology;Double AOP de précision;U79;;;;
285-0134;1;MAX4648EUT+T;Maxim;Switch analogique SPST;U80;;;;
285-0134;1;MAX4648EUT+T;Maxim;Switch analogique SPST;U81;;;;
285-0134;1;MAX4648EUT+T;Maxim;Switch analogique SPST;U82;;;;
285-0134;1;MAX4648EUT+T;Maxim;Switch analogique SPST;U83;;;;
140-0215;1;AD8055ARZ;Analog Devices;Low Cost, 300MHz Voltage Feedback Amplifier;U84;;;;
140-0450;1;AD8137YRZ;Analog Devices;Amplificateur différentiel haute vitesse Low power;U85;;;;
140-0212;1;AD9762ARUZ;Analog Devices;12 Bit, 100MSPS+, TxDAC Compatible D/A Converter;U86;;;;
140-0291;1;AD9214BRSZ-65;Analog Devices;ADC 10 bits, 65 MSPS, 3.3V;U87;;;;
140-0371;1;AD8130ARMZ;Analog Devices;Amplificateur différentiel haute vitesse;U88;;;;
140-0440;1;AD8066ARZ;Analog Devices;Double Op -145 MHz- FastFet;U89;;;;
285-0134;1;MAX4648EUT+T;Maxim;Switch analogique SPST;U90;;;;
331-0232;1;LT1880CS5#PBF;Linear Technology;Ampli opérationel de précision;U91;;;;
285-0133;1;MAX4659EUA+;Maxim;Switch analogique SPDT;U92;;;;
446-1060;1;SN74LVC1T45DBV;Texas Instruments;Buffer bidirectionnel;U93;;;;
285-0134;1;MAX4648EUT+T;Maxim;Switch analogique SPST;U94;;;;
285-0134;1;MAX4648EUT+T;Maxim;Switch analogique SPST;U95;;;;
285-0134;1;MAX4648EUT+T;Maxim;Switch analogique SPST;U96;;;;
315-0390;1;ADG408BRZ;Analog Devices;Multiplexeur Analogique 8 voies;U97;;;;
140-0215;1;AD8055ARZ;Analog Devices;Low Cost, 300MHz Voltage Feedback Amplifier;U98;;;;
446-1060;1;SN74LVC1T45DBV;Texas Instruments;Buffer bidirectionnel;U99;;;;
285-0134;1;MAX4648EUT+T;Maxim;Switch analogique SPST;U100;;;;
285-0134;1;MAX4648EUT+T;Maxim;Switch analogique SPST;U101;;;;
285-0134;1;MAX4648EUT+T;Maxim;Switch analogique SPST;U102;;;;
285-0134;1;MAX4648EUT+T;Maxim;Switch analogique SPST;U103;;;;
446-1060;1;SN74LVC1T45DBV;Texas Instruments;Buffer bidirectionnel;U104;;;;
331-0223;1;LT1112S8#PBF;Linear Technology;Double AOP de précision;U105;;;;
285-0134;1;MAX4648EUT+T;Maxim;Switch analogique SPST;U106;;;;
285-0134;1;MAX4648EUT+T;Maxim;Switch analogique SPST;U107;;;;
140-0215;1;AD8055ARZ;Analog Devices;Low Cost, 300MHz Voltage Feedback Amplifier;U108;;;;
135-0301;1;XC3SD1800A-4FGG676I;Xilinx;FPGA 1 800 000 portes, Famille Spartan 3A DSP;U109;;;;Pbf = XC3SD1800A-4FGG676I
285-0134;1;MAX4648EUT+T;Maxim;Switch analogique SPST;U110;;;;
285-0134;1;MAX4648EUT+T;Maxim;Switch analogique SPST;U111;;;;
285-0134;1;MAX4648EUT+T;Maxim;Switch analogique SPST;U112;;;;
140-0371;1;AD8130ARMZ;Analog Devices;Amplificateur différentiel haute vitesse;U113;;;;
140-0440;1;AD8066ARZ;Analog Devices;Double Op -145 MHz- FastFet;U114;;;;
140-0212;1;AD9762ARUZ;Analog Devices;12 Bit, 100MSPS+, TxDAC Compatible D/A Converter;U115;;;;
331-0232;1;LT1880CS5#PBF;Linear Technology;Ampli opérationel de précision;U116;;;;
285-0133;1;MAX4659EUA+;Maxim;Switch analogique SPDT;U117;;;;
446-1060;1;SN74LVC1T45DBV;Texas Instruments;Buffer bidirectionnel;U118;;;;
315-0390;1;ADG408BRZ;Analog Devices;Multiplexeur Analogique 8 voies;U119;;;;
285-0134;1;MAX4648EUT+T;Maxim;Switch analogique SPST;U120;;;;
285-0134;1;MAX4648EUT+T;Maxim;Switch analogique SPST;U121;;;;
285-0134;1;MAX4648EUT+T;Maxim;Switch analogique SPST;U122;;;;
140-0291;1;AD9214BRSZ-65;Analog Devices;ADC 10 bits, 65 MSPS, 3.3V;U123;;;;
285-0134;1;MAX4648EUT+T;Maxim;Switch analogique SPST;U124;;;;
285-0134;1;MAX4648EUT+T;Maxim;Switch analogique SPST;U125;;;;
446-0965;1;74LCX541MTC_NL;Fairchild;Low volage octal buffer line driver (I/O 5V);U126;;;;
285-0134;1;MAX4648EUT+T;Maxim;Switch analogique SPST;U127;;;;
285-0134;1;MAX4648EUT+T;Maxim;Switch analogique SPST;U128;;;;
140-0450;1;AD8137YRZ;Analog Devices;Amplificateur différentiel haute vitesse Low power;U129;;;;
446-1060;1;SN74LVC1T45DBV;Texas Instruments;Buffer bidirectionnel;U130;;;;
331-0223;1;LT1112S8#PBF;Linear Technology;Double AOP de précision;U131;;;;
285-0134;1;MAX4648EUT+T;Maxim;Switch analogique SPST;U132;;;;
285-0134;1;MAX4648EUT+T;Maxim;Switch analogique SPST;U133;;;;
285-0134;1;MAX4648EUT+T;Maxim;Switch analogique SPST;U134;;;;
285-0134;1;MAX4648EUT+T;Maxim;Switch analogique SPST;U135;;;;
375-0250;1;CO4310-50.000-EXT;Raltron;Oscillateur CMS;Y1;50MHz;;100ppm;
370-0184;1;HCM49 12.000MABJ-UT;Citizen;Quartz;Y2;12MHz;;;
